[0.000000] (-) TimerEvent: {}
[0.000466] (calculation_interfaces) JobQueued: {'identifier': 'calculation_interfaces', 'dependencies': OrderedDict()}
[0.000502] (status_interfaces) JobQueued: {'identifier': 'status_interfaces', 'dependencies': OrderedDict()}
[0.000532] (advanced_task) JobQueued: {'identifier': 'advanced_task', 'dependencies': OrderedDict([('calculation_interfaces', '/home/cx/ros_using/robot_ws/src/install/calculation_interfaces')])}
[0.000555] (demo_python_topic) JobQueued: {'identifier': 'demo_python_topic', 'dependencies': OrderedDict([('status_interfaces', '/home/cx/ros_using/robot_ws/src/install/status_interfaces')])}
[0.000575] (calculation_interfaces) JobStarted: {'identifier': 'calculation_interfaces'}
[0.003964] (status_interfaces) JobStarted: {'identifier': 'status_interfaces'}
[0.006068] (calculation_interfaces) JobProgress: {'identifier': 'calculation_interfaces', 'progress': 'cmake'}
[0.006398] (calculation_interfaces) Command: {'cmd': ['/usr/bin/cmake', '/home/cx/ros_using/robot_ws/src/calculation_interfaces', '-DCMAKE_INSTALL_PREFIX=/home/cx/ros_using/robot_ws/src/install/calculation_interfaces'], 'cwd': '/home/cx/ros_using/robot_ws/src/build/calculation_interfaces', 'env': OrderedDict([('GJS_DEBUG_TOPICS', 'JS ERROR;JS LOG'), ('PYTHON_BASIC_REPL', '1'), ('LESSOPEN', '| /usr/bin/lesspipe %s'), ('LANGUAGE', 'zh_CN:zh'), ('USER', 'cx'), ('XDG_SESSION_TYPE', 'wayland'), ('GIT_ASKPASS', '/usr/share/code/resources/app/extensions/git/dist/askpass.sh'), ('SHLVL', '1'), ('LD_LIBRARY_PATH', '/opt/ros/humble/opt/rviz_ogre_vendor/lib:/opt/ros/humble/lib/x86_64-linux-gnu:/opt/ros/humble/lib'), ('HOME', '/home/cx'), ('CHROME_DESKTOP', 'code.desktop'), ('OLDPWD', '/home/cx/ros_using/robot_ws/src/advanced_task'), ('TERM_PROGRAM_VERSION', '1.132.0'), ('DESKTOP_SESSION', 'ubuntu'), ('NVM_BIN', '/home/cx/.nvm/versions/node/v18.20.8/bin'), ('NVM_INC', '/home/cx/.nvm/versions/node/v18.20.8/include/node'), ('GIO_LAUNCHED_DESKTOP_FILE', '/usr/share/applications/code.desktop'), ('ROS_PYTHON_VERSION', '3'), ('GNOME_SHELL_SESSION_MODE', 'ubuntu'), ('GTK_MODULES', 'gail:atk-bridge'), ('VSCODE_GIT_ASKPASS_MAIN', '/usr/share/code/resources/app/extensions/git/dist/askpass-main.js'), ('VSCODE_GIT_ASKPASS_NODE', '/usr/share/code/code'), ('MANAGERPID', '1623'), ('PYDEVD_DISABLE_FILE_VALIDATION', '1'), ('SYSTEMD_EXEC_PID', '1809'), ('BUNDLED_DEBUGPY_PATH', '/home/cx/.vscode/extensions/ms-python.debugpy-2026.6.0-linux-x64/bundled/libs/debugpy'), ('IM_CONFIG_CHECK_ENV', '1'), ('VSCODE_PYTHON_AUTOACTIVATE_GUARD', '1'), ('DBUS_SESSION_BUS_ADDRESS', 'unix:path=/run/user/1000/bus'), ('COLORTERM', 'truecolor'), ('GIO_LAUNCHED_DESKTOP_FILE_PID', '3277'), ('NVM_DIR', '/home/cx/.nvm'), ('IM_CONFIG_PHASE', '1'), ('WAYLAND_DISPLAY', 'wayland-0'), ('ROS_DISTRO', 'humble'), ('LOGNAME', 'cx'), ('JOURNAL_STREAM', '8:6830'), ('_', '/usr/bin/colcon'), ('ROS_VERSION', '2'), ('XDG_SESSION_CLASS', 'user'), ('USERNAME', 'cx'), ('TERM', 'xterm-256color'), ('GNOME_DESKTOP_SESSION_ID', 'this-is-deprecated'), ('FC_FONTATIONS', '1'), ('ROS_LOCALHOST_ONLY', '0'), ('PATH', '/home/cx/.local/bin:/home/cx/.nvm/versions/node/v18.20.8/bin:/opt/ros/humble/bin:/home/cx/.local/bin:/usr/local/sbin:/usr/local/bin:/usr/sbin:/usr/bin:/sbin:/bin:/usr/games:/usr/local/games:/snap/bin:/snap/bin:/home/cx/.vscode/extensions/ms-python.debugpy-2026.6.0-linux-x64/bundled/scripts/noConfigScripts'), ('SESSION_MANAGER', 'local/robot:@/tmp/.ICE-unix/1771,unix/robot:/tmp/.ICE-unix/1771'), ('INVOCATION_ID', '260accd8029e4ec39e973a521528817d'), ('XDG_MENU_PREFIX', 'gnome-'), ('GNOME_SETUP_DISPLAY', ':1'), ('XDG_RUNTIME_DIR', '/run/user/1000'), ('GDK_BACKEND', 'wayland'), ('DISPLAY', ':0'), ('VSCODE_DEBUGPY_ADAPTER_ENDPOINTS', '/home/cx/.vscode/extensions/ms-python.debugpy-2026.6.0-linux-x64/.noConfigDebugAdapterEndpoints/endpoint-1ac85e0b37115703.txt'), ('LANG', 'zh_CN.UTF-8'), ('XDG_CURRENT_DESKTOP', 'ubuntu:GNOME'), ('PYTHONSTARTUP', '/home/cx/.config/Code/User/workspaceStorage/8bd317dffd0c24db84b4710aa99121aa/ms-python.python/pythonrc.py'), ('XMODIFIERS', '@im=ibus'), ('XDG_SESSION_DESKTOP', 'ubuntu'), ('XAUTHORITY', '/run/user/1000/.mutter-Xwaylandauth.U9YVU3'), ('LS_COLORS', 'rs=0:di=01;34:ln=01;36:mh=00:pi=40;33:so=01;35:do=01;35:bd=40;33;01:cd=40;33;01:or=40;31;01:mi=00:su=37;41:sg=30;43:ca=30;41:tw=30;42:ow=34;42:st=37;44:ex=01;32:*.tar=01;31:*.tgz=01;31:*.arc=01;31:*.arj=01;31:*.taz=01;31:*.lha=01;31:*.lz4=01;31:*.lzh=01;31:*.lzma=01;31:*.tlz=01;31:*.txz=01;31:*.tzo=01;31:*.t7z=01;31:*.zip=01;31:*.z=01;31:*.dz=01;31:*.gz=01;31:*.lrz=01;31:*.lz=01;31:*.lzo=01;31:*.xz=01;31:*.zst=01;31:*.tzst=01;31:*.bz2=01;31:*.bz=01;31:*.tbz=01;31:*.tbz2=01;31:*.tz=01;31:*.deb=01;31:*.rpm=01;31:*.jar=01;31:*.war=01;31:*.ear=01;31:*.sar=01;31:*.rar=01;31:*.alz=01;31:*.ace=01;31:*.zoo=01;31:*.cpio=01;31:*.7z=01;31:*.rz=01;31:*.cab=01;31:*.wim=01;31:*.swm=01;31:*.dwm=01;31:*.esd=01;31:*.jpg=01;35:*.jpeg=01;35:*.mjpg=01;35:*.mjpeg=01;35:*.gif=01;35:*.bmp=01;35:*.pbm=01;35:*.pgm=01;35:*.ppm=01;35:*.tga=01;35:*.xbm=01;35:*.xpm=01;35:*.tif=01;35:*.tiff=01;35:*.png=01;35:*.svg=01;35:*.svgz=01;35:*.mng=01;35:*.pcx=01;35:*.mov=01;35:*.mpg=01;35:*.mpeg=01;35:*.m2v=01;35:*.mkv=01;35:*.webm=01;35:*.webp=01;35:*.ogm=01;35:*.mp4=01;35:*.m4v=01;35:*.mp4v=01;35:*.vob=01;35:*.qt=01;35:*.nuv=01;35:*.wmv=01;35:*.asf=01;35:*.rm=01;35:*.rmvb=01;35:*.flc=01;35:*.avi=01;35:*.fli=01;35:*.flv=01;35:*.gl=01;35:*.dl=01;35:*.xcf=01;35:*.xwd=01;35:*.yuv=01;35:*.cgm=01;35:*.emf=01;35:*.ogv=01;35:*.ogx=01;35:*.aac=00;36:*.au=00;36:*.flac=00;36:*.m4a=00;36:*.mid=00;36:*.midi=00;36:*.mka=00;36:*.mp3=00;36:*.mpc=00;36:*.ogg=00;36:*.ra=00;36:*.wav=00;36:*.oga=00;36:*.opus=00;36:*.spx=00;36:*.xspf=00;36:'), ('VSCODE_GIT_IPC_HANDLE', '/run/user/1000/vscode-git-825d1ab3bf.sock'), ('TERM_PROGRAM', 'vscode'), ('SSH_AGENT_LAUNCHER', 'gnome-keyring'), ('SSH_AUTH_SOCK', '/run/user/1000/keyring/ssh'), ('AMENT_PREFIX_PATH', '/opt/ros/humble'), ('SHELL', '/bin/bash'), ('QT_ACCESSIBILITY', '1'), ('GDMSESSION', 'ubuntu'), ('LESSCLOSE', '/usr/bin/lesspipe %s %s'), ('GJS_DEBUG_OUTPUT', 'stderr'), ('VSCODE_GIT_ASKPASS_EXTRA_ARGS', ''), ('QT_IM_MODULE', 'ibus'), ('PWD', '/home/cx/ros_using/robot_ws/src/build/calculation_interfaces'), ('XDG_CONFIG_DIRS', '/etc/xdg/xdg-ubuntu:/etc/xdg'), ('NVM_CD_FLAGS', ''), ('XDG_DATA_DIRS', '/usr/share/ubuntu:/usr/local/share/:/usr/share/:/var/lib/snapd/desktop'), ('PYTHONPATH', '/opt/ros/humble/lib/python3.10/site-packages:/opt/ros/humble/local/lib/python3.10/dist-packages'), ('COLCON', '1'), ('CMAKE_PREFIX_PATH', '/opt/ros/humble')]), 'shell': False}
[0.008987] (status_interfaces) JobProgress: {'identifier': 'status_interfaces', 'progress': 'cmake'}
[0.009353] (status_interfaces) Command: {'cmd': ['/usr/bin/cmake', '/home/cx/ros_using/robot_ws/src/status_interfaces', '-DCMAKE_INSTALL_PREFIX=/home/cx/ros_using/robot_ws/src/install/status_interfaces'], 'cwd': '/home/cx/ros_using/robot_ws/src/build/status_interfaces', 'env': OrderedDict([('GJS_DEBUG_TOPICS', 'JS ERROR;JS LOG'), ('PYTHON_BASIC_REPL', '1'), ('LESSOPEN', '| /usr/bin/lesspipe %s'), ('LANGUAGE', 'zh_CN:zh'), ('USER', 'cx'), ('XDG_SESSION_TYPE', 'wayland'), ('GIT_ASKPASS', '/usr/share/code/resources/app/extensions/git/dist/askpass.sh'), ('SHLVL', '1'), ('LD_LIBRARY_PATH', '/opt/ros/humble/opt/rviz_ogre_vendor/lib:/opt/ros/humble/lib/x86_64-linux-gnu:/opt/ros/humble/lib'), ('HOME', '/home/cx'), ('CHROME_DESKTOP', 'code.desktop'), ('OLDPWD', '/home/cx/ros_using/robot_ws/src/advanced_task'), ('TERM_PROGRAM_VERSION', '1.132.0'), ('DESKTOP_SESSION', 'ubuntu'), ('NVM_BIN', '/home/cx/.nvm/versions/node/v18.20.8/bin'), ('NVM_INC', '/home/cx/.nvm/versions/node/v18.20.8/include/node'), ('GIO_LAUNCHED_DESKTOP_FILE', '/usr/share/applications/code.desktop'), ('ROS_PYTHON_VERSION', '3'), ('GNOME_SHELL_SESSION_MODE', 'ubuntu'), ('GTK_MODULES', 'gail:atk-bridge'), ('VSCODE_GIT_ASKPASS_MAIN', '/usr/share/code/resources/app/extensions/git/dist/askpass-main.js'), ('VSCODE_GIT_ASKPASS_NODE', '/usr/share/code/code'), ('MANAGERPID', '1623'), ('PYDEVD_DISABLE_FILE_VALIDATION', '1'), ('SYSTEMD_EXEC_PID', '1809'), ('BUNDLED_DEBUGPY_PATH', '/home/cx/.vscode/extensions/ms-python.debugpy-2026.6.0-linux-x64/bundled/libs/debugpy'), ('IM_CONFIG_CHECK_ENV', '1'), ('VSCODE_PYTHON_AUTOACTIVATE_GUARD', '1'), ('DBUS_SESSION_BUS_ADDRESS', 'unix:path=/run/user/1000/bus'), ('COLORTERM', 'truecolor'), ('GIO_LAUNCHED_DESKTOP_FILE_PID', '3277'), ('NVM_DIR', '/home/cx/.nvm'), ('IM_CONFIG_PHASE', '1'), ('WAYLAND_DISPLAY', 'wayland-0'), ('ROS_DISTRO', 'humble'), ('LOGNAME', 'cx'), ('JOURNAL_STREAM', '8:6830'), ('_', '/usr/bin/colcon'), ('ROS_VERSION', '2'), ('XDG_SESSION_CLASS', 'user'), ('USERNAME', 'cx'), ('TERM', 'xterm-256color'), ('GNOME_DESKTOP_SESSION_ID', 'this-is-deprecated'), ('FC_FONTATIONS', '1'), ('ROS_LOCALHOST_ONLY', '0'), ('PATH', '/home/cx/.local/bin:/home/cx/.nvm/versions/node/v18.20.8/bin:/opt/ros/humble/bin:/home/cx/.local/bin:/usr/local/sbin:/usr/local/bin:/usr/sbin:/usr/bin:/sbin:/bin:/usr/games:/usr/local/games:/snap/bin:/snap/bin:/home/cx/.vscode/extensions/ms-python.debugpy-2026.6.0-linux-x64/bundled/scripts/noConfigScripts'), ('SESSION_MANAGER', 'local/robot:@/tmp/.ICE-unix/1771,unix/robot:/tmp/.ICE-unix/1771'), ('INVOCATION_ID', '260accd8029e4ec39e973a521528817d'), ('XDG_MENU_PREFIX', 'gnome-'), ('GNOME_SETUP_DISPLAY', ':1'), ('XDG_RUNTIME_DIR', '/run/user/1000'), ('GDK_BACKEND', 'wayland'), ('DISPLAY', ':0'), ('VSCODE_DEBUGPY_ADAPTER_ENDPOINTS', '/home/cx/.vscode/extensions/ms-python.debugpy-2026.6.0-linux-x64/.noConfigDebugAdapterEndpoints/endpoint-1ac85e0b37115703.txt'), ('LANG', 'zh_CN.UTF-8'), ('XDG_CURRENT_DESKTOP', 'ubuntu:GNOME'), ('PYTHONSTARTUP', '/home/cx/.config/Code/User/workspaceStorage/8bd317dffd0c24db84b4710aa99121aa/ms-python.python/pythonrc.py'), ('XMODIFIERS', '@im=ibus'), ('XDG_SESSION_DESKTOP', 'ubuntu'), ('XAUTHORITY', '/run/user/1000/.mutter-Xwaylandauth.U9YVU3'), ('LS_COLORS', 'rs=0:di=01;34:ln=01;36:mh=00:pi=40;33:so=01;35:do=01;35:bd=40;33;01:cd=40;33;01:or=40;31;01:mi=00:su=37;41:sg=30;43:ca=30;41:tw=30;42:ow=34;42:st=37;44:ex=01;32:*.tar=01;31:*.tgz=01;31:*.arc=01;31:*.arj=01;31:*.taz=01;31:*.lha=01;31:*.lz4=01;31:*.lzh=01;31:*.lzma=01;31:*.tlz=01;31:*.txz=01;31:*.tzo=01;31:*.t7z=01;31:*.zip=01;31:*.z=01;31:*.dz=01;31:*.gz=01;31:*.lrz=01;31:*.lz=01;31:*.lzo=01;31:*.xz=01;31:*.zst=01;31:*.tzst=01;31:*.bz2=01;31:*.bz=01;31:*.tbz=01;31:*.tbz2=01;31:*.tz=01;31:*.deb=01;31:*.rpm=01;31:*.jar=01;31:*.war=01;31:*.ear=01;31:*.sar=01;31:*.rar=01;31:*.alz=01;31:*.ace=01;31:*.zoo=01;31:*.cpio=01;31:*.7z=01;31:*.rz=01;31:*.cab=01;31:*.wim=01;31:*.swm=01;31:*.dwm=01;31:*.esd=01;31:*.jpg=01;35:*.jpeg=01;35:*.mjpg=01;35:*.mjpeg=01;35:*.gif=01;35:*.bmp=01;35:*.pbm=01;35:*.pgm=01;35:*.ppm=01;35:*.tga=01;35:*.xbm=01;35:*.xpm=01;35:*.tif=01;35:*.tiff=01;35:*.png=01;35:*.svg=01;35:*.svgz=01;35:*.mng=01;35:*.pcx=01;35:*.mov=01;35:*.mpg=01;35:*.mpeg=01;35:*.m2v=01;35:*.mkv=01;35:*.webm=01;35:*.webp=01;35:*.ogm=01;35:*.mp4=01;35:*.m4v=01;35:*.mp4v=01;35:*.vob=01;35:*.qt=01;35:*.nuv=01;35:*.wmv=01;35:*.asf=01;35:*.rm=01;35:*.rmvb=01;35:*.flc=01;35:*.avi=01;35:*.fli=01;35:*.flv=01;35:*.gl=01;35:*.dl=01;35:*.xcf=01;35:*.xwd=01;35:*.yuv=01;35:*.cgm=01;35:*.emf=01;35:*.ogv=01;35:*.ogx=01;35:*.aac=00;36:*.au=00;36:*.flac=00;36:*.m4a=00;36:*.mid=00;36:*.midi=00;36:*.mka=00;36:*.mp3=00;36:*.mpc=00;36:*.ogg=00;36:*.ra=00;36:*.wav=00;36:*.oga=00;36:*.opus=00;36:*.spx=00;36:*.xspf=00;36:'), ('VSCODE_GIT_IPC_HANDLE', '/run/user/1000/vscode-git-825d1ab3bf.sock'), ('TERM_PROGRAM', 'vscode'), ('SSH_AGENT_LAUNCHER', 'gnome-keyring'), ('SSH_AUTH_SOCK', '/run/user/1000/keyring/ssh'), ('AMENT_PREFIX_PATH', '/opt/ros/humble'), ('SHELL', '/bin/bash'), ('QT_ACCESSIBILITY', '1'), ('GDMSESSION', 'ubuntu'), ('LESSCLOSE', '/usr/bin/lesspipe %s %s'), ('GJS_DEBUG_OUTPUT', 'stderr'), ('VSCODE_GIT_ASKPASS_EXTRA_ARGS', ''), ('QT_IM_MODULE', 'ibus'), ('PWD', '/home/cx/ros_using/robot_ws/src/build/status_interfaces'), ('XDG_CONFIG_DIRS', '/etc/xdg/xdg-ubuntu:/etc/xdg'), ('NVM_CD_FLAGS', ''), ('XDG_DATA_DIRS', '/usr/share/ubuntu:/usr/local/share/:/usr/share/:/var/lib/snapd/desktop'), ('PYTHONPATH', '/opt/ros/humble/lib/python3.10/site-packages:/opt/ros/humble/local/lib/python3.10/dist-packages'), ('COLCON', '1'), ('CMAKE_PREFIX_PATH', '/opt/ros/humble')]), 'shell': False}
[0.086000] (status_interfaces) StdoutLine: {'line': b'-- The C compiler identification is GNU 11.4.0\n'}
[0.086310] (calculation_interfaces) StdoutLine: {'line': b'-- The C compiler identification is GNU 11.4.0\n'}
[0.099894] (-) TimerEvent: {}
[0.165850] (status_interfaces) StdoutLine: {'line': b'-- The CXX compiler identification is GNU 11.4.0\n'}
[0.166035] (calculation_interfaces) StdoutLine: {'line': b'-- The CXX compiler identification is GNU 11.4.0\n'}
[0.173225] (status_interfaces) StdoutLine: {'line': b'-- Detecting C compiler ABI info\n'}
[0.173352] (calculation_interfaces) StdoutLine: {'line': b'-- Detecting C compiler ABI info\n'}
[0.200046] (-) TimerEvent: {}
[0.233443] (status_interfaces) StdoutLine: {'line': b'-- Detecting C compiler ABI info - done\n'}
[0.233774] (calculation_interfaces) StdoutLine: {'line': b'-- Detecting C compiler ABI info - done\n'}
[0.237801] (status_interfaces) StdoutLine: {'line': b'-- Check for working C compiler: /usr/bin/cc - skipped\n'}
[0.238237] (calculation_interfaces) StdoutLine: {'line': b'-- Check for working C compiler: /usr/bin/cc - skipped\n'}
[0.238495] (calculation_interfaces) StdoutLine: {'line': b'-- Detecting C compile features\n'}
[0.238570] (status_interfaces) StdoutLine: {'line': b'-- Detecting C compile features\n'}
[0.238826] (status_interfaces) StdoutLine: {'line': b'-- Detecting C compile features - done\n'}
[0.238928] (calculation_interfaces) StdoutLine: {'line': b'-- Detecting C compile features - done\n'}
[0.241136] (status_interfaces) StdoutLine: {'line': b'-- Detecting CXX compiler ABI info\n'}
[0.241192] (calculation_interfaces) StdoutLine: {'line': b'-- Detecting CXX compiler ABI info\n'}
[0.295321] (status_interfaces) StdoutLine: {'line': b'-- Detecting CXX compiler ABI info - done\n'}
[0.295558] (calculation_interfaces) StdoutLine: {'line': b'-- Detecting CXX compiler ABI info - done\n'}
[0.299761] (status_interfaces) StdoutLine: {'line': b'-- Check for working CXX compiler: /usr/bin/c++ - skipped\n'}
[0.299930] (status_interfaces) StdoutLine: {'line': b'-- Detecting CXX compile features\n'}
[0.299994] (calculation_interfaces) StdoutLine: {'line': b'-- Check for working CXX compiler: /usr/bin/c++ - skipped\n'}
[0.300027] (-) TimerEvent: {}
[0.300241] (status_interfaces) StdoutLine: {'line': b'-- Detecting CXX compile features - done\n'}
[0.300360] (calculation_interfaces) StdoutLine: {'line': b'-- Detecting CXX compile features\n'}
[0.300531] (calculation_interfaces) StdoutLine: {'line': b'-- Detecting CXX compile features - done\n'}
[0.302071] (calculation_interfaces) StdoutLine: {'line': b'-- Found ament_cmake: 1.3.14 (/opt/ros/humble/share/ament_cmake/cmake)\n'}
[0.302179] (status_interfaces) StdoutLine: {'line': b'-- Found ament_cmake: 1.3.14 (/opt/ros/humble/share/ament_cmake/cmake)\n'}
[0.400152] (-) TimerEvent: {}
[0.402549] (calculation_interfaces) StdoutLine: {'line': b'-- Found Python3: /usr/bin/python3 (found version "3.10.12") found components: Interpreter \n'}
[0.402703] (status_interfaces) StdoutLine: {'line': b'-- Found Python3: /usr/bin/python3 (found version "3.10.12") found components: Interpreter \n'}
[0.462319] (calculation_interfaces) StdoutLine: {'line': b'-- Found rosidl_default_generators: 1.2.1 (/opt/ros/humble/share/rosidl_default_generators/cmake)\n'}
[0.462483] (status_interfaces) StdoutLine: {'line': b'-- Found builtin_interfaces: 1.2.3 (/opt/ros/humble/share/builtin_interfaces/cmake)\n'}
[0.464058] (calculation_interfaces) StdoutLine: {'line': b'-- Using all available rosidl_typesupport_c: rosidl_typesupport_fastrtps_c;rosidl_typesupport_introspection_c\n'}
[0.468045] (calculation_interfaces) StdoutLine: {'line': b'-- Found rosidl_adapter: 3.1.9 (/opt/ros/humble/share/rosidl_adapter/cmake)\n'}
[0.483199] (status_interfaces) StdoutLine: {'line': b'-- Found rosidl_generator_c: 3.1.9 (/opt/ros/humble/share/rosidl_generator_c/cmake)\n'}
[0.485616] (status_interfaces) StdoutLine: {'line': b'-- Found rosidl_adapter: 3.1.9 (/opt/ros/humble/share/rosidl_adapter/cmake)\n'}
[0.490514] (status_interfaces) StdoutLine: {'line': b'-- Found rosidl_generator_cpp: 3.1.9 (/opt/ros/humble/share/rosidl_generator_cpp/cmake)\n'}
[0.495800] (calculation_interfaces) StdoutLine: {'line': b'-- Using all available rosidl_typesupport_cpp: rosidl_typesupport_fastrtps_cpp;rosidl_typesupport_introspection_cpp\n'}
[0.498872] (status_interfaces) StdoutLine: {'line': b'-- Using all available rosidl_typesupport_c: rosidl_typesupport_fastrtps_c;rosidl_typesupport_introspection_c\n'}
[0.500233] (-) TimerEvent: {}
[0.507217] (status_interfaces) StdoutLine: {'line': b'-- Using all available rosidl_typesupport_cpp: rosidl_typesupport_fastrtps_cpp;rosidl_typesupport_introspection_cpp\n'}
[0.515723] (status_interfaces) StdoutLine: {'line': b'-- Found rosidl_default_generators: 1.2.1 (/opt/ros/humble/share/rosidl_default_generators/cmake)\n'}
[0.600377] (-) TimerEvent: {}
[0.678588] (calculation_interfaces) StdoutLine: {'line': b'-- Found ament_cmake_ros: 0.10.0 (/opt/ros/humble/share/ament_cmake_ros/cmake)\n'}
[0.686128] (status_interfaces) StdoutLine: {'line': b'-- Found ament_cmake_ros: 0.10.0 (/opt/ros/humble/share/ament_cmake_ros/cmake)\n'}
[0.700452] (-) TimerEvent: {}
[0.796328] (calculation_interfaces) StdoutLine: {'line': b'-- Using all available rosidl_typesupport_c: rosidl_typesupport_fastrtps_c;rosidl_typesupport_introspection_c\n'}
[0.800553] (-) TimerEvent: {}
[0.880018] (status_interfaces) StdoutLine: {'line': b'-- Using all available rosidl_typesupport_c: rosidl_typesupport_fastrtps_c;rosidl_typesupport_introspection_c\n'}
[0.900714] (-) TimerEvent: {}
[0.945563] (calculation_interfaces) StdoutLine: {'line': b'-- Using all available rosidl_typesupport_cpp: rosidl_typesupport_fastrtps_cpp;rosidl_typesupport_introspection_cpp\n'}
[0.957990] (status_interfaces) StdoutLine: {'line': b'-- Using all available rosidl_typesupport_cpp: rosidl_typesupport_fastrtps_cpp;rosidl_typesupport_introspection_cpp\n'}
[0.959966] (calculation_interfaces) StdoutLine: {'line': b'-- Found PythonInterp: /usr/bin/python3 (found suitable version "3.10.12", minimum required is "3.6") \n'}
[0.960868] (calculation_interfaces) StdoutLine: {'line': b'-- Found python_cmake_module: 0.10.0 (/opt/ros/humble/share/python_cmake_module/cmake)\n'}
[0.974942] (status_interfaces) StdoutLine: {'line': b'-- Found PythonInterp: /usr/bin/python3 (found suitable version "3.10.12", minimum required is "3.6") \n'}
[0.975570] (status_interfaces) StdoutLine: {'line': b'-- Found python_cmake_module: 0.10.0 (/opt/ros/humble/share/python_cmake_module/cmake)\n'}
[0.978584] (calculation_interfaces) StdoutLine: {'line': b'-- Found PythonLibs: /usr/lib/x86_64-linux-gnu/libpython3.10.so (found suitable version "3.10.12", minimum required is "3.5") \n'}
[0.978696] (calculation_interfaces) StdoutLine: {'line': b'-- Using PYTHON_EXECUTABLE: /usr/bin/python3\n'}
[0.978731] (calculation_interfaces) StdoutLine: {'line': b'-- Using PYTHON_INCLUDE_DIRS: /usr/include/python3.10\n'}
[0.978760] (calculation_interfaces) StdoutLine: {'line': b'-- Using PYTHON_LIBRARIES: /usr/lib/x86_64-linux-gnu/libpython3.10.so\n'}
[0.991323] (calculation_interfaces) StdoutLine: {'line': b'-- Found PythonExtra: .so  \n'}
[0.991496] (status_interfaces) StdoutLine: {'line': b'-- Found PythonLibs: /usr/lib/x86_64-linux-gnu/libpython3.10.so (found suitable version "3.10.12", minimum required is "3.5") \n'}
[0.991574] (status_interfaces) StdoutLine: {'line': b'-- Using PYTHON_EXECUTABLE: /usr/bin/python3\n'}
[0.991608] (status_interfaces) StdoutLine: {'line': b'-- Using PYTHON_INCLUDE_DIRS: /usr/include/python3.10\n'}
[0.991637] (status_interfaces) StdoutLine: {'line': b'-- Using PYTHON_LIBRARIES: /usr/lib/x86_64-linux-gnu/libpython3.10.so\n'}
[1.000814] (-) TimerEvent: {}
[1.006314] (status_interfaces) StdoutLine: {'line': b'-- Found PythonExtra: .so  \n'}
[1.053444] (calculation_interfaces) StdoutLine: {'line': b'-- Found ament_lint_auto: 0.12.15 (/opt/ros/humble/share/ament_lint_auto/cmake)\n'}
[1.063434] (status_interfaces) StdoutLine: {'line': b'-- Found ament_lint_auto: 0.12.15 (/opt/ros/humble/share/ament_lint_auto/cmake)\n'}
[1.068026] (calculation_interfaces) StdoutLine: {'line': b"-- Added test 'lint_cmake' to check CMake code style\n"}
[1.068795] (calculation_interfaces) StdoutLine: {'line': b"-- Added test 'xmllint' to check XML markup files\n"}
[1.070294] (calculation_interfaces) StdoutLine: {'line': b'-- Configuring done\n'}
[1.071612] (status_interfaces) StdoutLine: {'line': b"-- Added test 'lint_cmake' to check CMake code style\n"}
[1.072130] (status_interfaces) StdoutLine: {'line': b"-- Added test 'xmllint' to check XML markup files\n"}
[1.073470] (status_interfaces) StdoutLine: {'line': b'-- Configuring done\n'}
[1.085415] (calculation_interfaces) StdoutLine: {'line': b'-- Generating done\n'}
[1.089371] (status_interfaces) StdoutLine: {'line': b'-- Generating done\n'}
[1.091665] (calculation_interfaces) StdoutLine: {'line': b'-- Build files have been written to: /home/cx/ros_using/robot_ws/src/build/calculation_interfaces\n'}
[1.096201] (status_interfaces) StdoutLine: {'line': b'-- Build files have been written to: /home/cx/ros_using/robot_ws/src/build/status_interfaces\n'}
[1.096994] (calculation_interfaces) CommandEnded: {'returncode': 0}
[1.097413] (calculation_interfaces) JobProgress: {'identifier': 'calculation_interfaces', 'progress': 'build'}
[1.097805] (calculation_interfaces) Command: {'cmd': ['/usr/bin/cmake', '--build', '/home/cx/ros_using/robot_ws/src/build/calculation_interfaces', '--', '-j12', '-l12'], 'cwd': '/home/cx/ros_using/robot_ws/src/build/calculation_interfaces', 'env': OrderedDict([('GJS_DEBUG_TOPICS', 'JS ERROR;JS LOG'), ('PYTHON_BASIC_REPL', '1'), ('LESSOPEN', '| /usr/bin/lesspipe %s'), ('LANGUAGE', 'zh_CN:zh'), ('USER', 'cx'), ('XDG_SESSION_TYPE', 'wayland'), ('GIT_ASKPASS', '/usr/share/code/resources/app/extensions/git/dist/askpass.sh'), ('SHLVL', '1'), ('LD_LIBRARY_PATH', '/opt/ros/humble/opt/rviz_ogre_vendor/lib:/opt/ros/humble/lib/x86_64-linux-gnu:/opt/ros/humble/lib'), ('HOME', '/home/cx'), ('CHROME_DESKTOP', 'code.desktop'), ('OLDPWD', '/home/cx/ros_using/robot_ws/src/advanced_task'), ('TERM_PROGRAM_VERSION', '1.132.0'), ('DESKTOP_SESSION', 'ubuntu'), ('NVM_BIN', '/home/cx/.nvm/versions/node/v18.20.8/bin'), ('NVM_INC', '/home/cx/.nvm/versions/node/v18.20.8/include/node'), ('GIO_LAUNCHED_DESKTOP_FILE', '/usr/share/applications/code.desktop'), ('ROS_PYTHON_VERSION', '3'), ('GNOME_SHELL_SESSION_MODE', 'ubuntu'), ('GTK_MODULES', 'gail:atk-bridge'), ('VSCODE_GIT_ASKPASS_MAIN', '/usr/share/code/resources/app/extensions/git/dist/askpass-main.js'), ('VSCODE_GIT_ASKPASS_NODE', '/usr/share/code/code'), ('MANAGERPID', '1623'), ('PYDEVD_DISABLE_FILE_VALIDATION', '1'), ('SYSTEMD_EXEC_PID', '1809'), ('BUNDLED_DEBUGPY_PATH', '/home/cx/.vscode/extensions/ms-python.debugpy-2026.6.0-linux-x64/bundled/libs/debugpy'), ('IM_CONFIG_CHECK_ENV', '1'), ('VSCODE_PYTHON_AUTOACTIVATE_GUARD', '1'), ('DBUS_SESSION_BUS_ADDRESS', 'unix:path=/run/user/1000/bus'), ('COLORTERM', 'truecolor'), ('GIO_LAUNCHED_DESKTOP_FILE_PID', '3277'), ('NVM_DIR', '/home/cx/.nvm'), ('IM_CONFIG_PHASE', '1'), ('WAYLAND_DISPLAY', 'wayland-0'), ('ROS_DISTRO', 'humble'), ('LOGNAME', 'cx'), ('JOURNAL_STREAM', '8:6830'), ('_', '/usr/bin/colcon'), ('ROS_VERSION', '2'), ('XDG_SESSION_CLASS', 'user'), ('USERNAME', 'cx'), ('TERM', 'xterm-256color'), ('GNOME_DESKTOP_SESSION_ID', 'this-is-deprecated'), ('FC_FONTATIONS', '1'), ('ROS_LOCALHOST_ONLY', '0'), ('PATH', '/home/cx/.local/bin:/home/cx/.nvm/versions/node/v18.20.8/bin:/opt/ros/humble/bin:/home/cx/.local/bin:/usr/local/sbin:/usr/local/bin:/usr/sbin:/usr/bin:/sbin:/bin:/usr/games:/usr/local/games:/snap/bin:/snap/bin:/home/cx/.vscode/extensions/ms-python.debugpy-2026.6.0-linux-x64/bundled/scripts/noConfigScripts'), ('SESSION_MANAGER', 'local/robot:@/tmp/.ICE-unix/1771,unix/robot:/tmp/.ICE-unix/1771'), ('INVOCATION_ID', '260accd8029e4ec39e973a521528817d'), ('XDG_MENU_PREFIX', 'gnome-'), ('GNOME_SETUP_DISPLAY', ':1'), ('XDG_RUNTIME_DIR', '/run/user/1000'), ('GDK_BACKEND', 'wayland'), ('DISPLAY', ':0'), ('VSCODE_DEBUGPY_ADAPTER_ENDPOINTS', '/home/cx/.vscode/extensions/ms-python.debugpy-2026.6.0-linux-x64/.noConfigDebugAdapterEndpoints/endpoint-1ac85e0b37115703.txt'), ('LANG', 'zh_CN.UTF-8'), ('XDG_CURRENT_DESKTOP', 'ubuntu:GNOME'), ('PYTHONSTARTUP', '/home/cx/.config/Code/User/workspaceStorage/8bd317dffd0c24db84b4710aa99121aa/ms-python.python/pythonrc.py'), ('XMODIFIERS', '@im=ibus'), ('XDG_SESSION_DESKTOP', 'ubuntu'), ('XAUTHORITY', '/run/user/1000/.mutter-Xwaylandauth.U9YVU3'), ('LS_COLORS', 'rs=0:di=01;34:ln=01;36:mh=00:pi=40;33:so=01;35:do=01;35:bd=40;33;01:cd=40;33;01:or=40;31;01:mi=00:su=37;41:sg=30;43:ca=30;41:tw=30;42:ow=34;42:st=37;44:ex=01;32:*.tar=01;31:*.tgz=01;31:*.arc=01;31:*.arj=01;31:*.taz=01;31:*.lha=01;31:*.lz4=01;31:*.lzh=01;31:*.lzma=01;31:*.tlz=01;31:*.txz=01;31:*.tzo=01;31:*.t7z=01;31:*.zip=01;31:*.z=01;31:*.dz=01;31:*.gz=01;31:*.lrz=01;31:*.lz=01;31:*.lzo=01;31:*.xz=01;31:*.zst=01;31:*.tzst=01;31:*.bz2=01;31:*.bz=01;31:*.tbz=01;31:*.tbz2=01;31:*.tz=01;31:*.deb=01;31:*.rpm=01;31:*.jar=01;31:*.war=01;31:*.ear=01;31:*.sar=01;31:*.rar=01;31:*.alz=01;31:*.ace=01;31:*.zoo=01;31:*.cpio=01;31:*.7z=01;31:*.rz=01;31:*.cab=01;31:*.wim=01;31:*.swm=01;31:*.dwm=01;31:*.esd=01;31:*.jpg=01;35:*.jpeg=01;35:*.mjpg=01;35:*.mjpeg=01;35:*.gif=01;35:*.bmp=01;35:*.pbm=01;35:*.pgm=01;35:*.ppm=01;35:*.tga=01;35:*.xbm=01;35:*.xpm=01;35:*.tif=01;35:*.tiff=01;35:*.png=01;35:*.svg=01;35:*.svgz=01;35:*.mng=01;35:*.pcx=01;35:*.mov=01;35:*.mpg=01;35:*.mpeg=01;35:*.m2v=01;35:*.mkv=01;35:*.webm=01;35:*.webp=01;35:*.ogm=01;35:*.mp4=01;35:*.m4v=01;35:*.mp4v=01;35:*.vob=01;35:*.qt=01;35:*.nuv=01;35:*.wmv=01;35:*.asf=01;35:*.rm=01;35:*.rmvb=01;35:*.flc=01;35:*.avi=01;35:*.fli=01;35:*.flv=01;35:*.gl=01;35:*.dl=01;35:*.xcf=01;35:*.xwd=01;35:*.yuv=01;35:*.cgm=01;35:*.emf=01;35:*.ogv=01;35:*.ogx=01;35:*.aac=00;36:*.au=00;36:*.flac=00;36:*.m4a=00;36:*.mid=00;36:*.midi=00;36:*.mka=00;36:*.mp3=00;36:*.mpc=00;36:*.ogg=00;36:*.ra=00;36:*.wav=00;36:*.oga=00;36:*.opus=00;36:*.spx=00;36:*.xspf=00;36:'), ('VSCODE_GIT_IPC_HANDLE', '/run/user/1000/vscode-git-825d1ab3bf.sock'), ('TERM_PROGRAM', 'vscode'), ('SSH_AGENT_LAUNCHER', 'gnome-keyring'), ('SSH_AUTH_SOCK', '/run/user/1000/keyring/ssh'), ('AMENT_PREFIX_PATH', '/opt/ros/humble'), ('SHELL', '/bin/bash'), ('QT_ACCESSIBILITY', '1'), ('GDMSESSION', 'ubuntu'), ('LESSCLOSE', '/usr/bin/lesspipe %s %s'), ('GJS_DEBUG_OUTPUT', 'stderr'), ('VSCODE_GIT_ASKPASS_EXTRA_ARGS', ''), ('QT_IM_MODULE', 'ibus'), ('PWD', '/home/cx/ros_using/robot_ws/src/build/calculation_interfaces'), ('XDG_CONFIG_DIRS', '/etc/xdg/xdg-ubuntu:/etc/xdg'), ('NVM_CD_FLAGS', ''), ('XDG_DATA_DIRS', '/usr/share/ubuntu:/usr/local/share/:/usr/share/:/var/lib/snapd/desktop'), ('PYTHONPATH', '/opt/ros/humble/lib/python3.10/site-packages:/opt/ros/humble/local/lib/python3.10/dist-packages'), ('COLCON', '1'), ('CMAKE_PREFIX_PATH', '/opt/ros/humble')]), 'shell': False}
[1.100132] (status_interfaces) CommandEnded: {'returncode': 0}
[1.100438] (status_interfaces) JobProgress: {'identifier': 'status_interfaces', 'progress': 'build'}
[1.100664] (status_interfaces) Command: {'cmd': ['/usr/bin/cmake', '--build', '/home/cx/ros_using/robot_ws/src/build/status_interfaces', '--', '-j12', '-l12'], 'cwd': '/home/cx/ros_using/robot_ws/src/build/status_interfaces', 'env': OrderedDict([('GJS_DEBUG_TOPICS', 'JS ERROR;JS LOG'), ('PYTHON_BASIC_REPL', '1'), ('LESSOPEN', '| /usr/bin/lesspipe %s'), ('LANGUAGE', 'zh_CN:zh'), ('USER', 'cx'), ('XDG_SESSION_TYPE', 'wayland'), ('GIT_ASKPASS', '/usr/share/code/resources/app/extensions/git/dist/askpass.sh'), ('SHLVL', '1'), ('LD_LIBRARY_PATH', '/opt/ros/humble/opt/rviz_ogre_vendor/lib:/opt/ros/humble/lib/x86_64-linux-gnu:/opt/ros/humble/lib'), ('HOME', '/home/cx'), ('CHROME_DESKTOP', 'code.desktop'), ('OLDPWD', '/home/cx/ros_using/robot_ws/src/advanced_task'), ('TERM_PROGRAM_VERSION', '1.132.0'), ('DESKTOP_SESSION', 'ubuntu'), ('NVM_BIN', '/home/cx/.nvm/versions/node/v18.20.8/bin'), ('NVM_INC', '/home/cx/.nvm/versions/node/v18.20.8/include/node'), ('GIO_LAUNCHED_DESKTOP_FILE', '/usr/share/applications/code.desktop'), ('ROS_PYTHON_VERSION', '3'), ('GNOME_SHELL_SESSION_MODE', 'ubuntu'), ('GTK_MODULES', 'gail:atk-bridge'), ('VSCODE_GIT_ASKPASS_MAIN', '/usr/share/code/resources/app/extensions/git/dist/askpass-main.js'), ('VSCODE_GIT_ASKPASS_NODE', '/usr/share/code/code'), ('MANAGERPID', '1623'), ('PYDEVD_DISABLE_FILE_VALIDATION', '1'), ('SYSTEMD_EXEC_PID', '1809'), ('BUNDLED_DEBUGPY_PATH', '/home/cx/.vscode/extensions/ms-python.debugpy-2026.6.0-linux-x64/bundled/libs/debugpy'), ('IM_CONFIG_CHECK_ENV', '1'), ('VSCODE_PYTHON_AUTOACTIVATE_GUARD', '1'), ('DBUS_SESSION_BUS_ADDRESS', 'unix:path=/run/user/1000/bus'), ('COLORTERM', 'truecolor'), ('GIO_LAUNCHED_DESKTOP_FILE_PID', '3277'), ('NVM_DIR', '/home/cx/.nvm'), ('IM_CONFIG_PHASE', '1'), ('WAYLAND_DISPLAY', 'wayland-0'), ('ROS_DISTRO', 'humble'), ('LOGNAME', 'cx'), ('JOURNAL_STREAM', '8:6830'), ('_', '/usr/bin/colcon'), ('ROS_VERSION', '2'), ('XDG_SESSION_CLASS', 'user'), ('USERNAME', 'cx'), ('TERM', 'xterm-256color'), ('GNOME_DESKTOP_SESSION_ID', 'this-is-deprecated'), ('FC_FONTATIONS', '1'), ('ROS_LOCALHOST_ONLY', '0'), ('PATH', '/home/cx/.local/bin:/home/cx/.nvm/versions/node/v18.20.8/bin:/opt/ros/humble/bin:/home/cx/.local/bin:/usr/local/sbin:/usr/local/bin:/usr/sbin:/usr/bin:/sbin:/bin:/usr/games:/usr/local/games:/snap/bin:/snap/bin:/home/cx/.vscode/extensions/ms-python.debugpy-2026.6.0-linux-x64/bundled/scripts/noConfigScripts'), ('SESSION_MANAGER', 'local/robot:@/tmp/.ICE-unix/1771,unix/robot:/tmp/.ICE-unix/1771'), ('INVOCATION_ID', '260accd8029e4ec39e973a521528817d'), ('XDG_MENU_PREFIX', 'gnome-'), ('GNOME_SETUP_DISPLAY', ':1'), ('XDG_RUNTIME_DIR', '/run/user/1000'), ('GDK_BACKEND', 'wayland'), ('DISPLAY', ':0'), ('VSCODE_DEBUGPY_ADAPTER_ENDPOINTS', '/home/cx/.vscode/extensions/ms-python.debugpy-2026.6.0-linux-x64/.noConfigDebugAdapterEndpoints/endpoint-1ac85e0b37115703.txt'), ('LANG', 'zh_CN.UTF-8'), ('XDG_CURRENT_DESKTOP', 'ubuntu:GNOME'), ('PYTHONSTARTUP', '/home/cx/.config/Code/User/workspaceStorage/8bd317dffd0c24db84b4710aa99121aa/ms-python.python/pythonrc.py'), ('XMODIFIERS', '@im=ibus'), ('XDG_SESSION_DESKTOP', 'ubuntu'), ('XAUTHORITY', '/run/user/1000/.mutter-Xwaylandauth.U9YVU3'), ('LS_COLORS', 'rs=0:di=01;34:ln=01;36:mh=00:pi=40;33:so=01;35:do=01;35:bd=40;33;01:cd=40;33;01:or=40;31;01:mi=00:su=37;41:sg=30;43:ca=30;41:tw=30;42:ow=34;42:st=37;44:ex=01;32:*.tar=01;31:*.tgz=01;31:*.arc=01;31:*.arj=01;31:*.taz=01;31:*.lha=01;31:*.lz4=01;31:*.lzh=01;31:*.lzma=01;31:*.tlz=01;31:*.txz=01;31:*.tzo=01;31:*.t7z=01;31:*.zip=01;31:*.z=01;31:*.dz=01;31:*.gz=01;31:*.lrz=01;31:*.lz=01;31:*.lzo=01;31:*.xz=01;31:*.zst=01;31:*.tzst=01;31:*.bz2=01;31:*.bz=01;31:*.tbz=01;31:*.tbz2=01;31:*.tz=01;31:*.deb=01;31:*.rpm=01;31:*.jar=01;31:*.war=01;31:*.ear=01;31:*.sar=01;31:*.rar=01;31:*.alz=01;31:*.ace=01;31:*.zoo=01;31:*.cpio=01;31:*.7z=01;31:*.rz=01;31:*.cab=01;31:*.wim=01;31:*.swm=01;31:*.dwm=01;31:*.esd=01;31:*.jpg=01;35:*.jpeg=01;35:*.mjpg=01;35:*.mjpeg=01;35:*.gif=01;35:*.bmp=01;35:*.pbm=01;35:*.pgm=01;35:*.ppm=01;35:*.tga=01;35:*.xbm=01;35:*.xpm=01;35:*.tif=01;35:*.tiff=01;35:*.png=01;35:*.svg=01;35:*.svgz=01;35:*.mng=01;35:*.pcx=01;35:*.mov=01;35:*.mpg=01;35:*.mpeg=01;35:*.m2v=01;35:*.mkv=01;35:*.webm=01;35:*.webp=01;35:*.ogm=01;35:*.mp4=01;35:*.m4v=01;35:*.mp4v=01;35:*.vob=01;35:*.qt=01;35:*.nuv=01;35:*.wmv=01;35:*.asf=01;35:*.rm=01;35:*.rmvb=01;35:*.flc=01;35:*.avi=01;35:*.fli=01;35:*.flv=01;35:*.gl=01;35:*.dl=01;35:*.xcf=01;35:*.xwd=01;35:*.yuv=01;35:*.cgm=01;35:*.emf=01;35:*.ogv=01;35:*.ogx=01;35:*.aac=00;36:*.au=00;36:*.flac=00;36:*.m4a=00;36:*.mid=00;36:*.midi=00;36:*.mka=00;36:*.mp3=00;36:*.mpc=00;36:*.ogg=00;36:*.ra=00;36:*.wav=00;36:*.oga=00;36:*.opus=00;36:*.spx=00;36:*.xspf=00;36:'), ('VSCODE_GIT_IPC_HANDLE', '/run/user/1000/vscode-git-825d1ab3bf.sock'), ('TERM_PROGRAM', 'vscode'), ('SSH_AGENT_LAUNCHER', 'gnome-keyring'), ('SSH_AUTH_SOCK', '/run/user/1000/keyring/ssh'), ('AMENT_PREFIX_PATH', '/opt/ros/humble'), ('SHELL', '/bin/bash'), ('QT_ACCESSIBILITY', '1'), ('GDMSESSION', 'ubuntu'), ('LESSCLOSE', '/usr/bin/lesspipe %s %s'), ('GJS_DEBUG_OUTPUT', 'stderr'), ('VSCODE_GIT_ASKPASS_EXTRA_ARGS', ''), ('QT_IM_MODULE', 'ibus'), ('PWD', '/home/cx/ros_using/robot_ws/src/build/status_interfaces'), ('XDG_CONFIG_DIRS', '/etc/xdg/xdg-ubuntu:/etc/xdg'), ('NVM_CD_FLAGS', ''), ('XDG_DATA_DIRS', '/usr/share/ubuntu:/usr/local/share/:/usr/share/:/var/lib/snapd/desktop'), ('PYTHONPATH', '/opt/ros/humble/lib/python3.10/site-packages:/opt/ros/humble/local/lib/python3.10/dist-packages'), ('COLCON', '1'), ('CMAKE_PREFIX_PATH', '/opt/ros/humble')]), 'shell': False}
[1.101236] (-) TimerEvent: {}
[1.123776] (status_interfaces) StdoutLine: {'line': b'[  3%] \x1b[34m\x1b[1mGenerating C code for ROS interfaces\x1b[0m\n'}
[1.124492] (calculation_interfaces) StdoutLine: {'line': b'[  3%] \x1b[34m\x1b[1mGenerating C code for ROS interfaces\x1b[0m\n'}
[1.130596] (status_interfaces) StdoutLine: {'line': b'[  6%] \x1b[34m\x1b[1mGenerating C++ code for ROS interfaces\x1b[0m\n'}
[1.132444] (calculation_interfaces) StdoutLine: {'line': b'[  6%] \x1b[34m\x1b[1mGenerating Rust code for ROS interfaces\x1b[0m\n'}
[1.134613] (calculation_interfaces) StdoutLine: {'line': b'[  9%] \x1b[34m\x1b[1mGenerating C++ code for ROS interfaces\x1b[0m\n'}
[1.135258] (status_interfaces) StdoutLine: {'line': b'[  6%] Built target ament_cmake_python_copy_status_interfaces\n'}
[1.136716] (status_interfaces) StdoutLine: {'line': b'[  9%] \x1b[34m\x1b[1mGenerating Rust code for ROS interfaces\x1b[0m\n'}
[1.139926] (calculation_interfaces) StdoutLine: {'line': b'[  9%] Built target ament_cmake_python_copy_calculation_interfaces\n'}
[1.201389] (-) TimerEvent: {}
[1.301680] (-) TimerEvent: {}
[1.302592] (status_interfaces) StdoutLine: {'line': b'running egg_info\n'}
[1.303506] (status_interfaces) StdoutLine: {'line': b'creating status_interfaces.egg-info\n'}
[1.303757] (status_interfaces) StdoutLine: {'line': b'writing status_interfaces.egg-info/PKG-INFO\n'}
[1.303960] (status_interfaces) StdoutLine: {'line': b'writing dependency_links to status_interfaces.egg-info/dependency_links.txt\n'}
[1.304129] (status_interfaces) StdoutLine: {'line': b'writing top-level names to status_interfaces.egg-info/top_level.txt\n'}
[1.304332] (status_interfaces) StdoutLine: {'line': b"writing manifest file 'status_interfaces.egg-info/SOURCES.txt'\n"}
[1.306997] (status_interfaces) StdoutLine: {'line': b"reading manifest file 'status_interfaces.egg-info/SOURCES.txt'\n"}
[1.307896] (status_interfaces) StdoutLine: {'line': b"writing manifest file 'status_interfaces.egg-info/SOURCES.txt'\n"}
[1.317924] (calculation_interfaces) StdoutLine: {'line': b'running egg_info\n'}
[1.318611] (calculation_interfaces) StdoutLine: {'line': b'creating calculation_interfaces.egg-info\n'}
[1.318773] (calculation_interfaces) StdoutLine: {'line': b'writing calculation_interfaces.egg-info/PKG-INFO\n'}
[1.318939] (calculation_interfaces) StdoutLine: {'line': b'writing dependency_links to calculation_interfaces.egg-info/dependency_links.txt\n'}
[1.319039] (calculation_interfaces) StdoutLine: {'line': b'writing top-level names to calculation_interfaces.egg-info/top_level.txt\n'}
[1.319203] (calculation_interfaces) StdoutLine: {'line': b"writing manifest file 'calculation_interfaces.egg-info/SOURCES.txt'\n"}
[1.320854] (calculation_interfaces) StdoutLine: {'line': b"reading manifest file 'calculation_interfaces.egg-info/SOURCES.txt'\n"}
[1.321253] (calculation_interfaces) StdoutLine: {'line': b"writing manifest file 'calculation_interfaces.egg-info/SOURCES.txt'\n"}
[1.334215] (status_interfaces) StdoutLine: {'line': b'[  9%] Built target ament_cmake_python_build_status_interfaces_egg\n'}
[1.347669] (calculation_interfaces) StdoutLine: {'line': b'[  9%] Built target ament_cmake_python_build_calculation_interfaces_egg\n'}
[1.352543] (status_interfaces) StdoutLine: {'line': b'[ 12%] \x1b[32mBuilding C object CMakeFiles/status_interfaces__rosidl_generator_c.dir/rosidl_generator_c/status_interfaces/msg/detail/student_info__functions.c.o\x1b[0m\n'}
[1.370973] (status_interfaces) StdoutLine: {'line': b'[ 12%] Built target status_interfaces__rs\n'}
[1.391632] (calculation_interfaces) StdoutLine: {'line': b'[  9%] Built target calculation_interfaces__cpp\n'}
[1.395919] (calculation_interfaces) StdoutLine: {'line': b'[  9%] Built target calculation_interfaces__rs\n'}
[1.398594] (calculation_interfaces) StdoutLine: {'line': b'[ 15%] \x1b[34m\x1b[1mGenerating C++ type support dispatch for ROS interfaces\x1b[0m\n'}
[1.398829] (calculation_interfaces) StdoutLine: {'line': b'[ 15%] \x1b[34m\x1b[1mGenerating C++ introspection for ROS interfaces\x1b[0m\n'}
[1.399951] (status_interfaces) StdoutLine: {'line': b'[ 12%] Built target status_interfaces__cpp\n'}
[1.400374] (calculation_interfaces) StdoutLine: {'line': b'[ 18%] \x1b[34m\x1b[1mGenerating C++ type support for eProsima Fast-RTPS\x1b[0m\n'}
[1.402049] (-) TimerEvent: {}
[1.408780] (status_interfaces) StdoutLine: {'line': b'[ 15%] \x1b[34m\x1b[1mGenerating C++ type support dispatch for ROS interfaces\x1b[0m\n'}
[1.409210] (status_interfaces) StdoutLine: {'line': b'[ 21%] \x1b[34m\x1b[1mGenerating C++ introspection for ROS interfaces\x1b[0m\n'}
[1.409329] (status_interfaces) StdoutLine: {'line': b'[ 21%] \x1b[34m\x1b[1mGenerating C++ type support for eProsima Fast-RTPS\x1b[0m\n'}
[1.416192] (status_interfaces) StdoutLine: {'line': b'[ 25%] \x1b[32m\x1b[1mLinking C shared library libstatus_interfaces__rosidl_generator_c.so\x1b[0m\n'}
[1.417660] (calculation_interfaces) StdoutLine: {'line': b'[ 21%] \x1b[32mBuilding C object CMakeFiles/calculation_interfaces__rosidl_generator_c.dir/rosidl_generator_c/calculation_interfaces/msg/detail/calculation_result__functions.c.o\x1b[0m\n'}
[1.444235] (status_interfaces) StdoutLine: {'line': b'[ 25%] Built target status_interfaces__rosidl_generator_c\n'}
[1.451823] (status_interfaces) StdoutLine: {'line': b'[ 28%] \x1b[34m\x1b[1mGenerating C introspection for ROS interfaces\x1b[0m\n'}
[1.452227] (status_interfaces) StdoutLine: {'line': b'[ 31%] \x1b[34m\x1b[1mGenerating C type support for eProsima Fast-RTPS\x1b[0m\n'}
[1.454195] (status_interfaces) StdoutLine: {'line': b'[ 34%] \x1b[34m\x1b[1mGenerating C type support dispatch for ROS interfaces\x1b[0m\n'}
[1.465196] (calculation_interfaces) StdoutLine: {'line': b'[ 25%] \x1b[32m\x1b[1mLinking C shared library libcalculation_interfaces__rosidl_generator_c.so\x1b[0m\n'}
[1.502143] (-) TimerEvent: {}
[1.504194] (calculation_interfaces) StdoutLine: {'line': b'[ 25%] Built target calculation_interfaces__rosidl_generator_c\n'}
[1.515205] (calculation_interfaces) StdoutLine: {'line': b'[ 28%] \x1b[34m\x1b[1mGenerating C introspection for ROS interfaces\x1b[0m\n'}
[1.515450] (calculation_interfaces) StdoutLine: {'line': b'[ 31%] \x1b[34m\x1b[1mGenerating C type support dispatch for ROS interfaces\x1b[0m\n'}
[1.515566] (calculation_interfaces) StdoutLine: {'line': b'[ 34%] \x1b[34m\x1b[1mGenerating C type support for eProsima Fast-RTPS\x1b[0m\n'}
[1.602234] (-) TimerEvent: {}
[1.704257] (-) TimerEvent: {}
[1.712212] (calculation_interfaces) StdoutLine: {'line': b'[ 37%] \x1b[32mBuilding CXX object CMakeFiles/calculation_interfaces__rosidl_typesupport_introspection_cpp.dir/rosidl_typesupport_introspection_cpp/calculation_interfaces/msg/detail/calculation_result__type_support.cpp.o\x1b[0m\n'}
[1.714901] (status_interfaces) StdoutLine: {'line': b'[ 37%] \x1b[32mBuilding CXX object CMakeFiles/status_interfaces__rosidl_typesupport_introspection_cpp.dir/rosidl_typesupport_introspection_cpp/status_interfaces/msg/detail/student_info__type_support.cpp.o\x1b[0m\n'}
[1.717840] (calculation_interfaces) StdoutLine: {'line': b'[ 40%] \x1b[32mBuilding CXX object CMakeFiles/calculation_interfaces__rosidl_typesupport_cpp.dir/rosidl_typesupport_cpp/calculation_interfaces/msg/calculation_result__type_support.cpp.o\x1b[0m\n'}
[1.730047] (status_interfaces) StdoutLine: {'line': b'[ 40%] \x1b[32mBuilding CXX object CMakeFiles/status_interfaces__rosidl_typesupport_fastrtps_cpp.dir/rosidl_typesupport_fastrtps_cpp/status_interfaces/msg/detail/dds_fastrtps/student_info__type_support.cpp.o\x1b[0m\n'}
[1.737187] (calculation_interfaces) StdoutLine: {'line': b'[ 43%] \x1b[32mBuilding CXX object CMakeFiles/calculation_interfaces__rosidl_typesupport_fastrtps_cpp.dir/rosidl_typesupport_fastrtps_cpp/calculation_interfaces/msg/detail/dds_fastrtps/calculation_result__type_support.cpp.o\x1b[0m\n'}
[1.738745] (status_interfaces) StdoutLine: {'line': b'[ 43%] \x1b[32mBuilding CXX object CMakeFiles/status_interfaces__rosidl_typesupport_cpp.dir/rosidl_typesupport_cpp/status_interfaces/msg/student_info__type_support.cpp.o\x1b[0m\n'}
[1.755874] (status_interfaces) StdoutLine: {'line': b'[ 46%] \x1b[32mBuilding CXX object CMakeFiles/status_interfaces__rosidl_typesupport_c.dir/rosidl_typesupport_c/status_interfaces/msg/student_info__type_support.cpp.o\x1b[0m\n'}
[1.757719] (status_interfaces) StdoutLine: {'line': b'[ 50%] \x1b[32mBuilding C object CMakeFiles/status_interfaces__rosidl_typesupport_introspection_c.dir/rosidl_typesupport_introspection_c/status_interfaces/msg/detail/student_info__type_support.c.o\x1b[0m\n'}
[1.788757] (status_interfaces) StdoutLine: {'line': b'[ 53%] \x1b[32mBuilding CXX object CMakeFiles/status_interfaces__rosidl_typesupport_fastrtps_c.dir/rosidl_typesupport_fastrtps_c/status_interfaces/msg/detail/student_info__type_support_c.cpp.o\x1b[0m\n'}
[1.795737] (calculation_interfaces) StdoutLine: {'line': b'[ 46%] \x1b[32mBuilding CXX object CMakeFiles/calculation_interfaces__rosidl_typesupport_c.dir/rosidl_typesupport_c/calculation_interfaces/msg/calculation_result__type_support.cpp.o\x1b[0m\n'}
[1.796365] (status_interfaces) StdoutLine: {'line': b'[ 56%] \x1b[32m\x1b[1mLinking CXX shared library libstatus_interfaces__rosidl_typesupport_c.so\x1b[0m\n'}
[1.805167] (-) TimerEvent: {}
[1.805407] (status_interfaces) StdoutLine: {'line': b'[ 59%] \x1b[32m\x1b[1mLinking C shared library libstatus_interfaces__rosidl_typesupport_introspection_c.so\x1b[0m\n'}
[1.829702] (calculation_interfaces) StdoutLine: {'line': b'[ 50%] \x1b[32mBuilding C object CMakeFiles/calculation_interfaces__rosidl_typesupport_introspection_c.dir/rosidl_typesupport_introspection_c/calculation_interfaces/msg/detail/calculation_result__type_support.c.o\x1b[0m\n'}
[1.844403] (status_interfaces) StdoutLine: {'line': b'[ 59%] Built target status_interfaces__rosidl_typesupport_c\n'}
[1.848142] (status_interfaces) StdoutLine: {'line': b'[ 59%] Built target status_interfaces__rosidl_typesupport_introspection_c\n'}
[1.848374] (calculation_interfaces) StdoutLine: {'line': b'[ 53%] \x1b[32mBuilding CXX object CMakeFiles/calculation_interfaces__rosidl_typesupport_fastrtps_c.dir/rosidl_typesupport_fastrtps_c/calculation_interfaces/msg/detail/calculation_result__type_support_c.cpp.o\x1b[0m\n'}
[1.854164] (calculation_interfaces) StdoutLine: {'line': b'[ 56%] \x1b[32m\x1b[1mLinking CXX shared library libcalculation_interfaces__rosidl_typesupport_c.so\x1b[0m\n'}
[1.866022] (calculation_interfaces) StdoutLine: {'line': b'[ 59%] \x1b[32m\x1b[1mLinking C shared library libcalculation_interfaces__rosidl_typesupport_introspection_c.so\x1b[0m\n'}
[1.898838] (calculation_interfaces) StdoutLine: {'line': b'[ 59%] Built target calculation_interfaces__rosidl_typesupport_c\n'}
[1.900345] (calculation_interfaces) StdoutLine: {'line': b'[ 59%] Built target calculation_interfaces__rosidl_typesupport_introspection_c\n'}
[1.905303] (-) TimerEvent: {}
[2.005834] (-) TimerEvent: {}
[2.008479] (status_interfaces) StdoutLine: {'line': b'[ 62%] \x1b[32m\x1b[1mLinking CXX shared library libstatus_interfaces__rosidl_typesupport_cpp.so\x1b[0m\n'}
[2.046014] (calculation_interfaces) StdoutLine: {'line': b'[ 62%] \x1b[32m\x1b[1mLinking CXX shared library libcalculation_interfaces__rosidl_typesupport_cpp.so\x1b[0m\n'}
[2.046696] (status_interfaces) StdoutLine: {'line': b'[ 62%] Built target status_interfaces__rosidl_typesupport_cpp\n'}
[2.076621] (calculation_interfaces) StdoutLine: {'line': b'[ 62%] Built target calculation_interfaces__rosidl_typesupport_cpp\n'}
[2.084121] (status_interfaces) StdoutLine: {'line': b'[ 65%] \x1b[32m\x1b[1mLinking CXX shared library libstatus_interfaces__rosidl_typesupport_fastrtps_cpp.so\x1b[0m\n'}
[2.086560] (calculation_interfaces) StdoutLine: {'line': b'[ 65%] \x1b[32m\x1b[1mLinking CXX shared library libcalculation_interfaces__rosidl_typesupport_fastrtps_cpp.so\x1b[0m\n'}
[2.105949] (-) TimerEvent: {}
[2.120654] (calculation_interfaces) StdoutLine: {'line': b'[ 68%] \x1b[32m\x1b[1mLinking CXX shared library libcalculation_interfaces__rosidl_typesupport_fastrtps_c.so\x1b[0m\n'}
[2.164331] (status_interfaces) StdoutLine: {'line': b'[ 65%] Built target status_interfaces__rosidl_typesupport_fastrtps_cpp\n'}
[2.170180] (calculation_interfaces) StdoutLine: {'line': b'[ 68%] Built target calculation_interfaces__rosidl_typesupport_fastrtps_cpp\n'}
[2.171253] (status_interfaces) StdoutLine: {'line': b'[ 68%] \x1b[32m\x1b[1mLinking CXX shared library libstatus_interfaces__rosidl_typesupport_introspection_cpp.so\x1b[0m\n'}
[2.199739] (calculation_interfaces) StdoutLine: {'line': b'[ 68%] Built target calculation_interfaces__rosidl_typesupport_fastrtps_c\n'}
[2.206051] (-) TimerEvent: {}
[2.213178] (calculation_interfaces) StdoutLine: {'line': b'[ 71%] \x1b[32m\x1b[1mLinking CXX shared library libcalculation_interfaces__rosidl_typesupport_introspection_cpp.so\x1b[0m\n'}
[2.218254] (status_interfaces) StdoutLine: {'line': b'[ 71%] \x1b[32m\x1b[1mLinking CXX shared library libstatus_interfaces__rosidl_typesupport_fastrtps_c.so\x1b[0m\n'}
[2.225192] (status_interfaces) StdoutLine: {'line': b'[ 71%] Built target status_interfaces__rosidl_typesupport_introspection_cpp\n'}
[2.278055] (calculation_interfaces) StdoutLine: {'line': b'[ 71%] Built target calculation_interfaces__rosidl_typesupport_introspection_cpp\n'}
[2.295198] (calculation_interfaces) StdoutLine: {'line': b'[ 71%] Built target calculation_interfaces\n'}
[2.302285] (status_interfaces) StdoutLine: {'line': b'[ 71%] Built target status_interfaces__rosidl_typesupport_fastrtps_c\n'}
[2.306173] (-) TimerEvent: {}
[2.307890] (calculation_interfaces) StdoutLine: {'line': b'[ 75%] \x1b[34m\x1b[1mGenerating Python code for ROS interfaces\x1b[0m\n'}
[2.314741] (status_interfaces) StdoutLine: {'line': b'[ 71%] Built target status_interfaces\n'}
[2.328203] (status_interfaces) StdoutLine: {'line': b'[ 75%] \x1b[34m\x1b[1mGenerating Python code for ROS interfaces\x1b[0m\n'}
[2.406259] (-) TimerEvent: {}
[2.506538] (-) TimerEvent: {}
[2.513590] (calculation_interfaces) StdoutLine: {'line': b'[ 75%] Built target calculation_interfaces__py\n'}
[2.520464] (status_interfaces) StdoutLine: {'line': b'[ 75%] Built target status_interfaces__py\n'}
[2.530333] (calculation_interfaces) StdoutLine: {'line': b'[ 78%] \x1b[32mBuilding C object CMakeFiles/calculation_interfaces__rosidl_generator_py.dir/rosidl_generator_py/calculation_interfaces/msg/_calculation_result_s.c.o\x1b[0m\n'}
[2.535189] (status_interfaces) StdoutLine: {'line': b'[ 78%] \x1b[32mBuilding C object CMakeFiles/status_interfaces__rosidl_generator_py.dir/rosidl_generator_py/status_interfaces/msg/_student_info_s.c.o\x1b[0m\n'}
[2.606647] (-) TimerEvent: {}
[2.617318] (status_interfaces) StdoutLine: {'line': b'[ 81%] \x1b[32m\x1b[1mLinking C shared library rosidl_generator_py/status_interfaces/libstatus_interfaces__rosidl_generator_py.so\x1b[0m\n'}
[2.618259] (calculation_interfaces) StdoutLine: {'line': b'[ 81%] \x1b[32m\x1b[1mLinking C shared library rosidl_generator_py/calculation_interfaces/libcalculation_interfaces__rosidl_generator_py.so\x1b[0m\n'}
[2.647049] (status_interfaces) StdoutLine: {'line': b'[ 81%] Built target status_interfaces__rosidl_generator_py\n'}
[2.648884] (calculation_interfaces) StdoutLine: {'line': b'[ 81%] Built target calculation_interfaces__rosidl_generator_py\n'}
[2.661382] (status_interfaces) StdoutLine: {'line': b'[ 84%] \x1b[32mBuilding C object CMakeFiles/status_interfaces__rosidl_typesupport_fastrtps_c__pyext.dir/rosidl_generator_py/status_interfaces/_status_interfaces_s.ep.rosidl_typesupport_fastrtps_c.c.o\x1b[0m\n'}
[2.662477] (calculation_interfaces) StdoutLine: {'line': b'[ 84%] \x1b[32mBuilding C object CMakeFiles/calculation_interfaces__rosidl_typesupport_fastrtps_c__pyext.dir/rosidl_generator_py/calculation_interfaces/_calculation_interfaces_s.ep.rosidl_typesupport_fastrtps_c.c.o\x1b[0m\n'}
[2.662705] (calculation_interfaces) StdoutLine: {'line': b'[ 87%] \x1b[32mBuilding C object CMakeFiles/calculation_interfaces__rosidl_typesupport_introspection_c__pyext.dir/rosidl_generator_py/calculation_interfaces/_calculation_interfaces_s.ep.rosidl_typesupport_introspection_c.c.o\x1b[0m\n'}
[2.662933] (status_interfaces) StdoutLine: {'line': b'[ 87%] \x1b[32mBuilding C object CMakeFiles/status_interfaces__rosidl_typesupport_c__pyext.dir/rosidl_generator_py/status_interfaces/_status_interfaces_s.ep.rosidl_typesupport_c.c.o\x1b[0m\n'}
[2.667216] (status_interfaces) StdoutLine: {'line': b'[ 90%] \x1b[32mBuilding C object CMakeFiles/status_interfaces__rosidl_typesupport_introspection_c__pyext.dir/rosidl_generator_py/status_interfaces/_status_interfaces_s.ep.rosidl_typesupport_introspection_c.c.o\x1b[0m\n'}
[2.667397] (calculation_interfaces) StdoutLine: {'line': b'[ 90%] \x1b[32mBuilding C object CMakeFiles/calculation_interfaces__rosidl_typesupport_c__pyext.dir/rosidl_generator_py/calculation_interfaces/_calculation_interfaces_s.ep.rosidl_typesupport_c.c.o\x1b[0m\n'}
[2.706750] (-) TimerEvent: {}
[2.729229] (calculation_interfaces) StdoutLine: {'line': b'[ 93%] \x1b[32m\x1b[1mLinking C shared library rosidl_generator_py/calculation_interfaces/calculation_interfaces_s__rosidl_typesupport_c.cpython-310-x86_64-linux-gnu.so\x1b[0m\n'}
[2.730957] (calculation_interfaces) StdoutLine: {'line': b'[ 96%] \x1b[32m\x1b[1mLinking C shared library rosidl_generator_py/calculation_interfaces/calculation_interfaces_s__rosidl_typesupport_fastrtps_c.cpython-310-x86_64-linux-gnu.so\x1b[0m\n'}
[2.743108] (status_interfaces) StdoutLine: {'line': b'[ 93%] \x1b[32m\x1b[1mLinking C shared library rosidl_generator_py/status_interfaces/status_interfaces_s__rosidl_typesupport_c.cpython-310-x86_64-linux-gnu.so\x1b[0m\n'}
[2.751781] (calculation_interfaces) StdoutLine: {'line': b'[100%] \x1b[32m\x1b[1mLinking C shared library rosidl_generator_py/calculation_interfaces/calculation_interfaces_s__rosidl_typesupport_introspection_c.cpython-310-x86_64-linux-gnu.so\x1b[0m\n'}
[2.755006] (calculation_interfaces) StdoutLine: {'line': b'[100%] Built target calculation_interfaces__rosidl_typesupport_c__pyext\n'}
[2.762768] (status_interfaces) StdoutLine: {'line': b'[ 96%] \x1b[32m\x1b[1mLinking C shared library rosidl_generator_py/status_interfaces/status_interfaces_s__rosidl_typesupport_fastrtps_c.cpython-310-x86_64-linux-gnu.so\x1b[0m\n'}
[2.767260] (calculation_interfaces) StdoutLine: {'line': b'[100%] Built target calculation_interfaces__rosidl_typesupport_fastrtps_c__pyext\n'}
[2.769041] (status_interfaces) StdoutLine: {'line': b'[100%] \x1b[32m\x1b[1mLinking C shared library rosidl_generator_py/status_interfaces/status_interfaces_s__rosidl_typesupport_introspection_c.cpython-310-x86_64-linux-gnu.so\x1b[0m\n'}
[2.771998] (status_interfaces) StdoutLine: {'line': b'[100%] Built target status_interfaces__rosidl_typesupport_c__pyext\n'}
[2.787920] (calculation_interfaces) StdoutLine: {'line': b'[100%] Built target calculation_interfaces__rosidl_typesupport_introspection_c__pyext\n'}
[2.797339] (status_interfaces) StdoutLine: {'line': b'[100%] Built target status_interfaces__rosidl_typesupport_introspection_c__pyext\n'}
[2.798418] (status_interfaces) StdoutLine: {'line': b'[100%] Built target status_interfaces__rosidl_typesupport_fastrtps_c__pyext\n'}
[2.799420] (calculation_interfaces) CommandEnded: {'returncode': 0}
[2.800177] (calculation_interfaces) JobProgress: {'identifier': 'calculation_interfaces', 'progress': 'install'}
[2.806621] (calculation_interfaces) Command: {'cmd': ['/usr/bin/cmake', '--install', '/home/cx/ros_using/robot_ws/src/build/calculation_interfaces'], 'cwd': '/home/cx/ros_using/robot_ws/src/build/calculation_interfaces', 'env': OrderedDict([('GJS_DEBUG_TOPICS', 'JS ERROR;JS LOG'), ('PYTHON_BASIC_REPL', '1'), ('LESSOPEN', '| /usr/bin/lesspipe %s'), ('LANGUAGE', 'zh_CN:zh'), ('USER', 'cx'), ('XDG_SESSION_TYPE', 'wayland'), ('GIT_ASKPASS', '/usr/share/code/resources/app/extensions/git/dist/askpass.sh'), ('SHLVL', '1'), ('LD_LIBRARY_PATH', '/opt/ros/humble/opt/rviz_ogre_vendor/lib:/opt/ros/humble/lib/x86_64-linux-gnu:/opt/ros/humble/lib'), ('HOME', '/home/cx'), ('CHROME_DESKTOP', 'code.desktop'), ('OLDPWD', '/home/cx/ros_using/robot_ws/src/advanced_task'), ('TERM_PROGRAM_VERSION', '1.132.0'), ('DESKTOP_SESSION', 'ubuntu'), ('NVM_BIN', '/home/cx/.nvm/versions/node/v18.20.8/bin'), ('NVM_INC', '/home/cx/.nvm/versions/node/v18.20.8/include/node'), ('GIO_LAUNCHED_DESKTOP_FILE', '/usr/share/applications/code.desktop'), ('ROS_PYTHON_VERSION', '3'), ('GNOME_SHELL_SESSION_MODE', 'ubuntu'), ('GTK_MODULES', 'gail:atk-bridge'), ('VSCODE_GIT_ASKPASS_MAIN', '/usr/share/code/resources/app/extensions/git/dist/askpass-main.js'), ('VSCODE_GIT_ASKPASS_NODE', '/usr/share/code/code'), ('MANAGERPID', '1623'), ('PYDEVD_DISABLE_FILE_VALIDATION', '1'), ('SYSTEMD_EXEC_PID', '1809'), ('BUNDLED_DEBUGPY_PATH', '/home/cx/.vscode/extensions/ms-python.debugpy-2026.6.0-linux-x64/bundled/libs/debugpy'), ('IM_CONFIG_CHECK_ENV', '1'), ('VSCODE_PYTHON_AUTOACTIVATE_GUARD', '1'), ('DBUS_SESSION_BUS_ADDRESS', 'unix:path=/run/user/1000/bus'), ('COLORTERM', 'truecolor'), ('GIO_LAUNCHED_DESKTOP_FILE_PID', '3277'), ('NVM_DIR', '/home/cx/.nvm'), ('IM_CONFIG_PHASE', '1'), ('WAYLAND_DISPLAY', 'wayland-0'), ('ROS_DISTRO', 'humble'), ('LOGNAME', 'cx'), ('JOURNAL_STREAM', '8:6830'), ('_', '/usr/bin/colcon'), ('ROS_VERSION', '2'), ('XDG_SESSION_CLASS', 'user'), ('USERNAME', 'cx'), ('TERM', 'xterm-256color'), ('GNOME_DESKTOP_SESSION_ID', 'this-is-deprecated'), ('FC_FONTATIONS', '1'), ('ROS_LOCALHOST_ONLY', '0'), ('PATH', '/home/cx/.local/bin:/home/cx/.nvm/versions/node/v18.20.8/bin:/opt/ros/humble/bin:/home/cx/.local/bin:/usr/local/sbin:/usr/local/bin:/usr/sbin:/usr/bin:/sbin:/bin:/usr/games:/usr/local/games:/snap/bin:/snap/bin:/home/cx/.vscode/extensions/ms-python.debugpy-2026.6.0-linux-x64/bundled/scripts/noConfigScripts'), ('SESSION_MANAGER', 'local/robot:@/tmp/.ICE-unix/1771,unix/robot:/tmp/.ICE-unix/1771'), ('INVOCATION_ID', '260accd8029e4ec39e973a521528817d'), ('XDG_MENU_PREFIX', 'gnome-'), ('GNOME_SETUP_DISPLAY', ':1'), ('XDG_RUNTIME_DIR', '/run/user/1000'), ('GDK_BACKEND', 'wayland'), ('DISPLAY', ':0'), ('VSCODE_DEBUGPY_ADAPTER_ENDPOINTS', '/home/cx/.vscode/extensions/ms-python.debugpy-2026.6.0-linux-x64/.noConfigDebugAdapterEndpoints/endpoint-1ac85e0b37115703.txt'), ('LANG', 'zh_CN.UTF-8'), ('XDG_CURRENT_DESKTOP', 'ubuntu:GNOME'), ('PYTHONSTARTUP', '/home/cx/.config/Code/User/workspaceStorage/8bd317dffd0c24db84b4710aa99121aa/ms-python.python/pythonrc.py'), ('XMODIFIERS', '@im=ibus'), ('XDG_SESSION_DESKTOP', 'ubuntu'), ('XAUTHORITY', '/run/user/1000/.mutter-Xwaylandauth.U9YVU3'), ('LS_COLORS', 'rs=0:di=01;34:ln=01;36:mh=00:pi=40;33:so=01;35:do=01;35:bd=40;33;01:cd=40;33;01:or=40;31;01:mi=00:su=37;41:sg=30;43:ca=30;41:tw=30;42:ow=34;42:st=37;44:ex=01;32:*.tar=01;31:*.tgz=01;31:*.arc=01;31:*.arj=01;31:*.taz=01;31:*.lha=01;31:*.lz4=01;31:*.lzh=01;31:*.lzma=01;31:*.tlz=01;31:*.txz=01;31:*.tzo=01;31:*.t7z=01;31:*.zip=01;31:*.z=01;31:*.dz=01;31:*.gz=01;31:*.lrz=01;31:*.lz=01;31:*.lzo=01;31:*.xz=01;31:*.zst=01;31:*.tzst=01;31:*.bz2=01;31:*.bz=01;31:*.tbz=01;31:*.tbz2=01;31:*.tz=01;31:*.deb=01;31:*.rpm=01;31:*.jar=01;31:*.war=01;31:*.ear=01;31:*.sar=01;31:*.rar=01;31:*.alz=01;31:*.ace=01;31:*.zoo=01;31:*.cpio=01;31:*.7z=01;31:*.rz=01;31:*.cab=01;31:*.wim=01;31:*.swm=01;31:*.dwm=01;31:*.esd=01;31:*.jpg=01;35:*.jpeg=01;35:*.mjpg=01;35:*.mjpeg=01;35:*.gif=01;35:*.bmp=01;35:*.pbm=01;35:*.pgm=01;35:*.ppm=01;35:*.tga=01;35:*.xbm=01;35:*.xpm=01;35:*.tif=01;35:*.tiff=01;35:*.png=01;35:*.svg=01;35:*.svgz=01;35:*.mng=01;35:*.pcx=01;35:*.mov=01;35:*.mpg=01;35:*.mpeg=01;35:*.m2v=01;35:*.mkv=01;35:*.webm=01;35:*.webp=01;35:*.ogm=01;35:*.mp4=01;35:*.m4v=01;35:*.mp4v=01;35:*.vob=01;35:*.qt=01;35:*.nuv=01;35:*.wmv=01;35:*.asf=01;35:*.rm=01;35:*.rmvb=01;35:*.flc=01;35:*.avi=01;35:*.fli=01;35:*.flv=01;35:*.gl=01;35:*.dl=01;35:*.xcf=01;35:*.xwd=01;35:*.yuv=01;35:*.cgm=01;35:*.emf=01;35:*.ogv=01;35:*.ogx=01;35:*.aac=00;36:*.au=00;36:*.flac=00;36:*.m4a=00;36:*.mid=00;36:*.midi=00;36:*.mka=00;36:*.mp3=00;36:*.mpc=00;36:*.ogg=00;36:*.ra=00;36:*.wav=00;36:*.oga=00;36:*.opus=00;36:*.spx=00;36:*.xspf=00;36:'), ('VSCODE_GIT_IPC_HANDLE', '/run/user/1000/vscode-git-825d1ab3bf.sock'), ('TERM_PROGRAM', 'vscode'), ('SSH_AGENT_LAUNCHER', 'gnome-keyring'), ('SSH_AUTH_SOCK', '/run/user/1000/keyring/ssh'), ('AMENT_PREFIX_PATH', '/opt/ros/humble'), ('SHELL', '/bin/bash'), ('QT_ACCESSIBILITY', '1'), ('GDMSESSION', 'ubuntu'), ('LESSCLOSE', '/usr/bin/lesspipe %s %s'), ('GJS_DEBUG_OUTPUT', 'stderr'), ('VSCODE_GIT_ASKPASS_EXTRA_ARGS', ''), ('QT_IM_MODULE', 'ibus'), ('PWD', '/home/cx/ros_using/robot_ws/src/build/calculation_interfaces'), ('XDG_CONFIG_DIRS', '/etc/xdg/xdg-ubuntu:/etc/xdg'), ('NVM_CD_FLAGS', ''), ('XDG_DATA_DIRS', '/usr/share/ubuntu:/usr/local/share/:/usr/share/:/var/lib/snapd/desktop'), ('PYTHONPATH', '/opt/ros/humble/lib/python3.10/site-packages:/opt/ros/humble/local/lib/python3.10/dist-packages'), ('COLCON', '1'), ('CMAKE_PREFIX_PATH', '/opt/ros/humble')]), 'shell': False}
[2.807517] (-) TimerEvent: {}
[2.808230] (status_interfaces) CommandEnded: {'returncode': 0}
[2.808854] (status_interfaces) JobProgress: {'identifier': 'status_interfaces', 'progress': 'install'}
[2.809200] (status_interfaces) Command: {'cmd': ['/usr/bin/cmake', '--install', '/home/cx/ros_using/robot_ws/src/build/status_interfaces'], 'cwd': '/home/cx/ros_using/robot_ws/src/build/status_interfaces', 'env': OrderedDict([('GJS_DEBUG_TOPICS', 'JS ERROR;JS LOG'), ('PYTHON_BASIC_REPL', '1'), ('LESSOPEN', '| /usr/bin/lesspipe %s'), ('LANGUAGE', 'zh_CN:zh'), ('USER', 'cx'), ('XDG_SESSION_TYPE', 'wayland'), ('GIT_ASKPASS', '/usr/share/code/resources/app/extensions/git/dist/askpass.sh'), ('SHLVL', '1'), ('LD_LIBRARY_PATH', '/opt/ros/humble/opt/rviz_ogre_vendor/lib:/opt/ros/humble/lib/x86_64-linux-gnu:/opt/ros/humble/lib'), ('HOME', '/home/cx'), ('CHROME_DESKTOP', 'code.desktop'), ('OLDPWD', '/home/cx/ros_using/robot_ws/src/advanced_task'), ('TERM_PROGRAM_VERSION', '1.132.0'), ('DESKTOP_SESSION', 'ubuntu'), ('NVM_BIN', '/home/cx/.nvm/versions/node/v18.20.8/bin'), ('NVM_INC', '/home/cx/.nvm/versions/node/v18.20.8/include/node'), ('GIO_LAUNCHED_DESKTOP_FILE', '/usr/share/applications/code.desktop'), ('ROS_PYTHON_VERSION', '3'), ('GNOME_SHELL_SESSION_MODE', 'ubuntu'), ('GTK_MODULES', 'gail:atk-bridge'), ('VSCODE_GIT_ASKPASS_MAIN', '/usr/share/code/resources/app/extensions/git/dist/askpass-main.js'), ('VSCODE_GIT_ASKPASS_NODE', '/usr/share/code/code'), ('MANAGERPID', '1623'), ('PYDEVD_DISABLE_FILE_VALIDATION', '1'), ('SYSTEMD_EXEC_PID', '1809'), ('BUNDLED_DEBUGPY_PATH', '/home/cx/.vscode/extensions/ms-python.debugpy-2026.6.0-linux-x64/bundled/libs/debugpy'), ('IM_CONFIG_CHECK_ENV', '1'), ('VSCODE_PYTHON_AUTOACTIVATE_GUARD', '1'), ('DBUS_SESSION_BUS_ADDRESS', 'unix:path=/run/user/1000/bus'), ('COLORTERM', 'truecolor'), ('GIO_LAUNCHED_DESKTOP_FILE_PID', '3277'), ('NVM_DIR', '/home/cx/.nvm'), ('IM_CONFIG_PHASE', '1'), ('WAYLAND_DISPLAY', 'wayland-0'), ('ROS_DISTRO', 'humble'), ('LOGNAME', 'cx'), ('JOURNAL_STREAM', '8:6830'), ('_', '/usr/bin/colcon'), ('ROS_VERSION', '2'), ('XDG_SESSION_CLASS', 'user'), ('USERNAME', 'cx'), ('TERM', 'xterm-256color'), ('GNOME_DESKTOP_SESSION_ID', 'this-is-deprecated'), ('FC_FONTATIONS', '1'), ('ROS_LOCALHOST_ONLY', '0'), ('PATH', '/home/cx/.local/bin:/home/cx/.nvm/versions/node/v18.20.8/bin:/opt/ros/humble/bin:/home/cx/.local/bin:/usr/local/sbin:/usr/local/bin:/usr/sbin:/usr/bin:/sbin:/bin:/usr/games:/usr/local/games:/snap/bin:/snap/bin:/home/cx/.vscode/extensions/ms-python.debugpy-2026.6.0-linux-x64/bundled/scripts/noConfigScripts'), ('SESSION_MANAGER', 'local/robot:@/tmp/.ICE-unix/1771,unix/robot:/tmp/.ICE-unix/1771'), ('INVOCATION_ID', '260accd8029e4ec39e973a521528817d'), ('XDG_MENU_PREFIX', 'gnome-'), ('GNOME_SETUP_DISPLAY', ':1'), ('XDG_RUNTIME_DIR', '/run/user/1000'), ('GDK_BACKEND', 'wayland'), ('DISPLAY', ':0'), ('VSCODE_DEBUGPY_ADAPTER_ENDPOINTS', '/home/cx/.vscode/extensions/ms-python.debugpy-2026.6.0-linux-x64/.noConfigDebugAdapterEndpoints/endpoint-1ac85e0b37115703.txt'), ('LANG', 'zh_CN.UTF-8'), ('XDG_CURRENT_DESKTOP', 'ubuntu:GNOME'), ('PYTHONSTARTUP', '/home/cx/.config/Code/User/workspaceStorage/8bd317dffd0c24db84b4710aa99121aa/ms-python.python/pythonrc.py'), ('XMODIFIERS', '@im=ibus'), ('XDG_SESSION_DESKTOP', 'ubuntu'), ('XAUTHORITY', '/run/user/1000/.mutter-Xwaylandauth.U9YVU3'), ('LS_COLORS', 'rs=0:di=01;34:ln=01;36:mh=00:pi=40;33:so=01;35:do=01;35:bd=40;33;01:cd=40;33;01:or=40;31;01:mi=00:su=37;41:sg=30;43:ca=30;41:tw=30;42:ow=34;42:st=37;44:ex=01;32:*.tar=01;31:*.tgz=01;31:*.arc=01;31:*.arj=01;31:*.taz=01;31:*.lha=01;31:*.lz4=01;31:*.lzh=01;31:*.lzma=01;31:*.tlz=01;31:*.txz=01;31:*.tzo=01;31:*.t7z=01;31:*.zip=01;31:*.z=01;31:*.dz=01;31:*.gz=01;31:*.lrz=01;31:*.lz=01;31:*.lzo=01;31:*.xz=01;31:*.zst=01;31:*.tzst=01;31:*.bz2=01;31:*.bz=01;31:*.tbz=01;31:*.tbz2=01;31:*.tz=01;31:*.deb=01;31:*.rpm=01;31:*.jar=01;31:*.war=01;31:*.ear=01;31:*.sar=01;31:*.rar=01;31:*.alz=01;31:*.ace=01;31:*.zoo=01;31:*.cpio=01;31:*.7z=01;31:*.rz=01;31:*.cab=01;31:*.wim=01;31:*.swm=01;31:*.dwm=01;31:*.esd=01;31:*.jpg=01;35:*.jpeg=01;35:*.mjpg=01;35:*.mjpeg=01;35:*.gif=01;35:*.bmp=01;35:*.pbm=01;35:*.pgm=01;35:*.ppm=01;35:*.tga=01;35:*.xbm=01;35:*.xpm=01;35:*.tif=01;35:*.tiff=01;35:*.png=01;35:*.svg=01;35:*.svgz=01;35:*.mng=01;35:*.pcx=01;35:*.mov=01;35:*.mpg=01;35:*.mpeg=01;35:*.m2v=01;35:*.mkv=01;35:*.webm=01;35:*.webp=01;35:*.ogm=01;35:*.mp4=01;35:*.m4v=01;35:*.mp4v=01;35:*.vob=01;35:*.qt=01;35:*.nuv=01;35:*.wmv=01;35:*.asf=01;35:*.rm=01;35:*.rmvb=01;35:*.flc=01;35:*.avi=01;35:*.fli=01;35:*.flv=01;35:*.gl=01;35:*.dl=01;35:*.xcf=01;35:*.xwd=01;35:*.yuv=01;35:*.cgm=01;35:*.emf=01;35:*.ogv=01;35:*.ogx=01;35:*.aac=00;36:*.au=00;36:*.flac=00;36:*.m4a=00;36:*.mid=00;36:*.midi=00;36:*.mka=00;36:*.mp3=00;36:*.mpc=00;36:*.ogg=00;36:*.ra=00;36:*.wav=00;36:*.oga=00;36:*.opus=00;36:*.spx=00;36:*.xspf=00;36:'), ('VSCODE_GIT_IPC_HANDLE', '/run/user/1000/vscode-git-825d1ab3bf.sock'), ('TERM_PROGRAM', 'vscode'), ('SSH_AGENT_LAUNCHER', 'gnome-keyring'), ('SSH_AUTH_SOCK', '/run/user/1000/keyring/ssh'), ('AMENT_PREFIX_PATH', '/opt/ros/humble'), ('SHELL', '/bin/bash'), ('QT_ACCESSIBILITY', '1'), ('GDMSESSION', 'ubuntu'), ('LESSCLOSE', '/usr/bin/lesspipe %s %s'), ('GJS_DEBUG_OUTPUT', 'stderr'), ('VSCODE_GIT_ASKPASS_EXTRA_ARGS', ''), ('QT_IM_MODULE', 'ibus'), ('PWD', '/home/cx/ros_using/robot_ws/src/build/status_interfaces'), ('XDG_CONFIG_DIRS', '/etc/xdg/xdg-ubuntu:/etc/xdg'), ('NVM_CD_FLAGS', ''), ('XDG_DATA_DIRS', '/usr/share/ubuntu:/usr/local/share/:/usr/share/:/var/lib/snapd/desktop'), ('PYTHONPATH', '/opt/ros/humble/lib/python3.10/site-packages:/opt/ros/humble/local/lib/python3.10/dist-packages'), ('COLCON', '1'), ('CMAKE_PREFIX_PATH', '/opt/ros/humble')]), 'shell': False}
[2.813903] (calculation_interfaces) StdoutLine: {'line': b'-- Install configuration: ""\n'}
[2.814124] (calculation_interfaces) StdoutLine: {'line': b'-- Installing: /home/cx/ros_using/robot_ws/src/install/calculation_interfaces/share/ament_index/resource_index/rosidl_interfaces/calculation_interfaces\n'}
[2.814293] (calculation_interfaces) StdoutLine: {'line': b'-- Installing: /home/cx/ros_using/robot_ws/src/install/calculation_interfaces/include/calculation_interfaces/calculation_interfaces\n'}
[2.814373] (calculation_interfaces) StdoutLine: {'line': b'-- Installing: /home/cx/ros_using/robot_ws/src/install/calculation_interfaces/include/calculation_interfaces/calculation_interfaces/msg\n'}
[2.814445] (calculation_interfaces) StdoutLine: {'line': b'-- Installing: /home/cx/ros_using/robot_ws/src/install/calculation_interfaces/include/calculation_interfaces/calculation_interfaces/msg/detail\n'}
[2.814515] (calculation_interfaces) StdoutLine: {'line': b'-- Installing: /home/cx/ros_using/robot_ws/src/install/calculation_interfaces/include/calculation_interfaces/calculation_interfaces/msg/detail/calculation_result__functions.c\n'}
[2.814592] (calculation_interfaces) StdoutLine: {'line': b'-- Installing: /home/cx/ros_using/robot_ws/src/install/calculation_interfaces/include/calculation_interfaces/calculation_interfaces/msg/detail/calculation_result__functions.h\n'}
[2.814714] (calculation_interfaces) StdoutLine: {'line': b'-- Installing: /home/cx/ros_using/robot_ws/src/install/calculation_interfaces/include/calculation_interfaces/calculation_interfaces/msg/detail/calculation_result__struct.h\n'}
[2.814816] (calculation_interfaces) StdoutLine: {'line': b'-- Installing: /home/cx/ros_using/robot_ws/src/install/calculation_interfaces/include/calculation_interfaces/calculation_interfaces/msg/detail/calculation_result__type_support.h\n'}
[2.814923] (calculation_interfaces) StdoutLine: {'line': b'-- Installing: /home/cx/ros_using/robot_ws/src/install/calculation_interfaces/include/calculation_interfaces/calculation_interfaces/msg/calculation_result.h\n'}
[2.815012] (calculation_interfaces) StdoutLine: {'line': b'-- Installing: /home/cx/ros_using/robot_ws/src/install/calculation_interfaces/include/calculation_interfaces/calculation_interfaces/msg/rosidl_generator_c__visibility_control.h\n'}
[2.815101] (calculation_interfaces) StdoutLine: {'line': b'-- Installing: /home/cx/ros_using/robot_ws/src/install/calculation_interfaces/share/calculation_interfaces/environment/library_path.sh\n'}
[2.815194] (calculation_interfaces) StdoutLine: {'line': b'-- Installing: /home/cx/ros_using/robot_ws/src/install/calculation_interfaces/share/calculation_interfaces/environment/library_path.dsv\n'}
[2.815290] (calculation_interfaces) StdoutLine: {'line': b'-- Installing: /home/cx/ros_using/robot_ws/src/install/calculation_interfaces/lib/libcalculation_interfaces__rosidl_generator_c.so\n'}
[2.815384] (calculation_interfaces) StdoutLine: {'line': b'-- Set runtime path of "/home/cx/ros_using/robot_ws/src/install/calculation_interfaces/lib/libcalculation_interfaces__rosidl_generator_c.so" to ""\n'}
[2.815464] (calculation_interfaces) StdoutLine: {'line': b'-- Up-to-date: /home/cx/ros_using/robot_ws/src/install/calculation_interfaces/include/calculation_interfaces/calculation_interfaces\n'}
[2.815530] (calculation_interfaces) StdoutLine: {'line': b'-- Up-to-date: /home/cx/ros_using/robot_ws/src/install/calculation_interfaces/include/calculation_interfaces/calculation_interfaces/msg\n'}
[2.815617] (calculation_interfaces) StdoutLine: {'line': b'-- Installing: /home/cx/ros_using/robot_ws/src/install/calculation_interfaces/include/calculation_interfaces/calculation_interfaces/msg/rosidl_typesupport_fastrtps_c__visibility_control.h\n'}
[2.815683] (calculation_interfaces) StdoutLine: {'line': b'-- Up-to-date: /home/cx/ros_using/robot_ws/src/install/calculation_interfaces/include/calculation_interfaces/calculation_interfaces/msg/detail\n'}
[2.815777] (calculation_interfaces) StdoutLine: {'line': b'-- Installing: /home/cx/ros_using/robot_ws/src/install/calculation_interfaces/include/calculation_interfaces/calculation_interfaces/msg/detail/calculation_result__rosidl_typesupport_fastrtps_c.h\n'}
[2.815871] (calculation_interfaces) StdoutLine: {'line': b'-- Installing: /home/cx/ros_using/robot_ws/src/install/calculation_interfaces/lib/libcalculation_interfaces__rosidl_typesupport_fastrtps_c.so\n'}
[2.815959] (calculation_interfaces) StdoutLine: {'line': b'-- Set runtime path of "/home/cx/ros_using/robot_ws/src/install/calculation_interfaces/lib/libcalculation_interfaces__rosidl_typesupport_fastrtps_c.so" to ""\n'}
[2.816042] (calculation_interfaces) StdoutLine: {'line': b'-- Up-to-date: /home/cx/ros_using/robot_ws/src/install/calculation_interfaces/include/calculation_interfaces/calculation_interfaces\n'}
[2.816126] (calculation_interfaces) StdoutLine: {'line': b'-- Up-to-date: /home/cx/ros_using/robot_ws/src/install/calculation_interfaces/include/calculation_interfaces/calculation_interfaces/msg\n'}
[2.816267] (calculation_interfaces) StdoutLine: {'line': b'-- Up-to-date: /home/cx/ros_using/robot_ws/src/install/calculation_interfaces/include/calculation_interfaces/calculation_interfaces/msg/detail\n'}
[2.816382] (calculation_interfaces) StdoutLine: {'line': b'-- Installing: /home/cx/ros_using/robot_ws/src/install/calculation_interfaces/include/calculation_interfaces/calculation_interfaces/msg/detail/calculation_result__type_support.c\n'}
[2.816451] (calculation_interfaces) StdoutLine: {'line': b'-- Installing: /home/cx/ros_using/robot_ws/src/install/calculation_interfaces/include/calculation_interfaces/calculation_interfaces/msg/detail/calculation_result__rosidl_typesupport_introspection_c.h\n'}
[2.816557] (calculation_interfaces) StdoutLine: {'line': b'-- Installing: /home/cx/ros_using/robot_ws/src/install/calculation_interfaces/include/calculation_interfaces/calculation_interfaces/msg/rosidl_typesupport_introspection_c__visibility_control.h\n'}
[2.816664] (calculation_interfaces) StdoutLine: {'line': b'-- Installing: /home/cx/ros_using/robot_ws/src/install/calculation_interfaces/lib/libcalculation_interfaces__rosidl_typesupport_introspection_c.so\n'}
[2.816733] (calculation_interfaces) StdoutLine: {'line': b'-- Set runtime path of "/home/cx/ros_using/robot_ws/src/install/calculation_interfaces/lib/libcalculation_interfaces__rosidl_typesupport_introspection_c.so" to ""\n'}
[2.816803] (calculation_interfaces) StdoutLine: {'line': b'-- Installing: /home/cx/ros_using/robot_ws/src/install/calculation_interfaces/lib/libcalculation_interfaces__rosidl_typesupport_c.so\n'}
[2.816871] (calculation_interfaces) StdoutLine: {'line': b'-- Set runtime path of "/home/cx/ros_using/robot_ws/src/install/calculation_interfaces/lib/libcalculation_interfaces__rosidl_typesupport_c.so" to ""\n'}
[2.816939] (calculation_interfaces) StdoutLine: {'line': b'-- Up-to-date: /home/cx/ros_using/robot_ws/src/install/calculation_interfaces/include/calculation_interfaces/calculation_interfaces\n'}
[2.817007] (calculation_interfaces) StdoutLine: {'line': b'-- Up-to-date: /home/cx/ros_using/robot_ws/src/install/calculation_interfaces/include/calculation_interfaces/calculation_interfaces/msg\n'}
[2.817073] (calculation_interfaces) StdoutLine: {'line': b'-- Installing: /home/cx/ros_using/robot_ws/src/install/calculation_interfaces/include/calculation_interfaces/calculation_interfaces/msg/calculation_result.hpp\n'}
[2.817278] (calculation_interfaces) StdoutLine: {'line': b'-- Up-to-date: /home/cx/ros_using/robot_ws/src/install/calculation_interfaces/include/calculation_interfaces/calculation_interfaces/msg/detail\n'}
[2.817352] (calculation_interfaces) StdoutLine: {'line': b'-- Installing: /home/cx/ros_using/robot_ws/src/install/calculation_interfaces/include/calculation_interfaces/calculation_interfaces/msg/detail/calculation_result__traits.hpp\n'}
[2.817422] (calculation_interfaces) StdoutLine: {'line': b'-- Installing: /home/cx/ros_using/robot_ws/src/install/calculation_interfaces/include/calculation_interfaces/calculation_interfaces/msg/detail/calculation_result__builder.hpp\n'}
[2.817490] (calculation_interfaces) StdoutLine: {'line': b'-- Installing: /home/cx/ros_using/robot_ws/src/install/calculation_interfaces/include/calculation_interfaces/calculation_interfaces/msg/detail/calculation_result__type_support.hpp\n'}
[2.817592] (calculation_interfaces) StdoutLine: {'line': b'-- Installing: /home/cx/ros_using/robot_ws/src/install/calculation_interfaces/include/calculation_interfaces/calculation_interfaces/msg/detail/calculation_result__struct.hpp\n'}
[2.817663] (calculation_interfaces) StdoutLine: {'line': b'-- Installing: /home/cx/ros_using/robot_ws/src/install/calculation_interfaces/include/calculation_interfaces/calculation_interfaces/msg/rosidl_generator_cpp__visibility_control.hpp\n'}
[2.817731] (calculation_interfaces) StdoutLine: {'line': b'-- Up-to-date: /home/cx/ros_using/robot_ws/src/install/calculation_interfaces/include/calculation_interfaces/calculation_interfaces\n'}
[2.817798] (calculation_interfaces) StdoutLine: {'line': b'-- Up-to-date: /home/cx/ros_using/robot_ws/src/install/calculation_interfaces/include/calculation_interfaces/calculation_interfaces/msg\n'}
[2.817867] (calculation_interfaces) StdoutLine: {'line': b'-- Up-to-date: /home/cx/ros_using/robot_ws/src/install/calculation_interfaces/include/calculation_interfaces/calculation_interfaces/msg/detail\n'}
[2.817938] (calculation_interfaces) StdoutLine: {'line': b'-- Installing: /home/cx/ros_using/robot_ws/src/install/calculation_interfaces/include/calculation_interfaces/calculation_interfaces/msg/detail/calculation_result__rosidl_typesupport_fastrtps_cpp.hpp\n'}
[2.818076] (calculation_interfaces) StdoutLine: {'line': b'-- Installing: /home/cx/ros_using/robot_ws/src/install/calculation_interfaces/include/calculation_interfaces/calculation_interfaces/msg/detail/dds_fastrtps\n'}
[2.818153] (calculation_interfaces) StdoutLine: {'line': b'-- Installing: /home/cx/ros_using/robot_ws/src/install/calculation_interfaces/include/calculation_interfaces/calculation_interfaces/msg/rosidl_typesupport_fastrtps_cpp__visibility_control.h\n'}
[2.818220] (status_interfaces) StdoutLine: {'line': b'-- Install configuration: ""\n'}
[2.818294] (calculation_interfaces) StdoutLine: {'line': b'-- Installing: /home/cx/ros_using/robot_ws/src/install/calculation_interfaces/lib/libcalculation_interfaces__rosidl_typesupport_fastrtps_cpp.so\n'}
[2.818365] (calculation_interfaces) StdoutLine: {'line': b'-- Set runtime path of "/home/cx/ros_using/robot_ws/src/install/calculation_interfaces/lib/libcalculation_interfaces__rosidl_typesupport_fastrtps_cpp.so" to ""\n'}
[2.818512] (calculation_interfaces) StdoutLine: {'line': b'-- Up-to-date: /home/cx/ros_using/robot_ws/src/install/calculation_interfaces/include/calculation_interfaces/calculation_interfaces\n'}
[2.818584] (calculation_interfaces) StdoutLine: {'line': b'-- Up-to-date: /home/cx/ros_using/robot_ws/src/install/calculation_interfaces/include/calculation_interfaces/calculation_interfaces/msg\n'}
[2.818639] (calculation_interfaces) StdoutLine: {'line': b'-- Up-to-date: /home/cx/ros_using/robot_ws/src/install/calculation_interfaces/include/calculation_interfaces/calculation_interfaces/msg/detail\n'}
[2.818692] (calculation_interfaces) StdoutLine: {'line': b'-- Installing: /home/cx/ros_using/robot_ws/src/install/calculation_interfaces/include/calculation_interfaces/calculation_interfaces/msg/detail/calculation_result__rosidl_typesupport_introspection_cpp.hpp\n'}
[2.818746] (calculation_interfaces) StdoutLine: {'line': b'-- Installing: /home/cx/ros_using/robot_ws/src/install/calculation_interfaces/include/calculation_interfaces/calculation_interfaces/msg/detail/calculation_result__type_support.cpp\n'}
[2.818843] (status_interfaces) StdoutLine: {'line': b'-- Installing: /home/cx/ros_using/robot_ws/src/install/status_interfaces/share/ament_index/resource_index/rosidl_interfaces/status_interfaces\n'}
[2.818896] (calculation_interfaces) StdoutLine: {'line': b'-- Installing: /home/cx/ros_using/robot_ws/src/install/calculation_interfaces/lib/libcalculation_interfaces__rosidl_typesupport_introspection_cpp.so\n'}
[2.818946] (status_interfaces) StdoutLine: {'line': b'-- Installing: /home/cx/ros_using/robot_ws/src/install/status_interfaces/include/status_interfaces/status_interfaces\n'}
[2.819002] (calculation_interfaces) StdoutLine: {'line': b'-- Set runtime path of "/home/cx/ros_using/robot_ws/src/install/calculation_interfaces/lib/libcalculation_interfaces__rosidl_typesupport_introspection_cpp.so" to ""\n'}
[2.819052] (calculation_interfaces) StdoutLine: {'line': b'-- Installing: /home/cx/ros_using/robot_ws/src/install/calculation_interfaces/lib/libcalculation_interfaces__rosidl_typesupport_cpp.so\n'}
[2.819111] (calculation_interfaces) StdoutLine: {'line': b'-- Set runtime path of "/home/cx/ros_using/robot_ws/src/install/calculation_interfaces/lib/libcalculation_interfaces__rosidl_typesupport_cpp.so" to ""\n'}
[2.819168] (calculation_interfaces) StdoutLine: {'line': b'-- Installing: /home/cx/ros_using/robot_ws/src/install/calculation_interfaces/share/calculation_interfaces/environment/pythonpath.sh\n'}
[2.819223] (calculation_interfaces) StdoutLine: {'line': b'-- Installing: /home/cx/ros_using/robot_ws/src/install/calculation_interfaces/share/calculation_interfaces/environment/pythonpath.dsv\n'}
[2.819273] (calculation_interfaces) StdoutLine: {'line': b'-- Installing: /home/cx/ros_using/robot_ws/src/install/calculation_interfaces/local/lib/python3.10/dist-packages/calculation_interfaces-0.0.0-py3.10.egg-info\n'}
[2.819325] (calculation_interfaces) StdoutLine: {'line': b'-- Installing: /home/cx/ros_using/robot_ws/src/install/calculation_interfaces/local/lib/python3.10/dist-packages/calculation_interfaces-0.0.0-py3.10.egg-info/SOURCES.txt\n'}
[2.819438] (status_interfaces) StdoutLine: {'line': b'-- Installing: /home/cx/ros_using/robot_ws/src/install/status_interfaces/include/status_interfaces/status_interfaces/msg\n'}
[2.819494] (status_interfaces) StdoutLine: {'line': b'-- Installing: /home/cx/ros_using/robot_ws/src/install/status_interfaces/include/status_interfaces/status_interfaces/msg/student_info.h\n'}
[2.819546] (status_interfaces) StdoutLine: {'line': b'-- Installing: /home/cx/ros_using/robot_ws/src/install/status_interfaces/include/status_interfaces/status_interfaces/msg/detail\n'}
[2.819594] (status_interfaces) StdoutLine: {'line': b'-- Installing: /home/cx/ros_using/robot_ws/src/install/status_interfaces/include/status_interfaces/status_interfaces/msg/detail/student_info__functions.c\n'}
[2.819644] (status_interfaces) StdoutLine: {'line': b'-- Installing: /home/cx/ros_using/robot_ws/src/install/status_interfaces/include/status_interfaces/status_interfaces/msg/detail/student_info__struct.h\n'}
[2.819689] (calculation_interfaces) StdoutLine: {'line': b'-- Installing: /home/cx/ros_using/robot_ws/src/install/calculation_interfaces/local/lib/python3.10/dist-packages/calculation_interfaces-0.0.0-py3.10.egg-info/PKG-INFO\n'}
[2.819737] (calculation_interfaces) StdoutLine: {'line': b'-- Installing: /home/cx/ros_using/robot_ws/src/install/calculation_interfaces/local/lib/python3.10/dist-packages/calculation_interfaces-0.0.0-py3.10.egg-info/top_level.txt\n'}
[2.819813] (calculation_interfaces) StdoutLine: {'line': b'-- Installing: /home/cx/ros_using/robot_ws/src/install/calculation_interfaces/local/lib/python3.10/dist-packages/calculation_interfaces-0.0.0-py3.10.egg-info/dependency_links.txt\n'}
[2.819862] (calculation_interfaces) StdoutLine: {'line': b'-- Installing: /home/cx/ros_using/robot_ws/src/install/calculation_interfaces/local/lib/python3.10/dist-packages/calculation_interfaces\n'}
[2.819910] (calculation_interfaces) StdoutLine: {'line': b'-- Installing: /home/cx/ros_using/robot_ws/src/install/calculation_interfaces/local/lib/python3.10/dist-packages/calculation_interfaces/calculation_interfaces_s__rosidl_typesupport_fastrtps_c.cpython-310-x86_64-linux-gnu.so\n'}
[2.819957] (calculation_interfaces) StdoutLine: {'line': b'-- Installing: /home/cx/ros_using/robot_ws/src/install/calculation_interfaces/local/lib/python3.10/dist-packages/calculation_interfaces/calculation_interfaces_s__rosidl_typesupport_c.cpython-310-x86_64-linux-gnu.so\n'}
[2.820004] (calculation_interfaces) StdoutLine: {'line': b'-- Installing: /home/cx/ros_using/robot_ws/src/install/calculation_interfaces/local/lib/python3.10/dist-packages/calculation_interfaces/calculation_interfaces_s__rosidl_typesupport_introspection_c.cpython-310-x86_64-linux-gnu.so\n'}
[2.820058] (calculation_interfaces) StdoutLine: {'line': b'-- Installing: /home/cx/ros_using/robot_ws/src/install/calculation_interfaces/local/lib/python3.10/dist-packages/calculation_interfaces/_calculation_interfaces_s.ep.rosidl_typesupport_introspection_c.c\n'}
[2.820171] (status_interfaces) StdoutLine: {'line': b'-- Installing: /home/cx/ros_using/robot_ws/src/install/status_interfaces/include/status_interfaces/status_interfaces/msg/detail/student_info__type_support.h\n'}
[2.820236] (calculation_interfaces) StdoutLine: {'line': b'-- Installing: /home/cx/ros_using/robot_ws/src/install/calculation_interfaces/local/lib/python3.10/dist-packages/calculation_interfaces/_calculation_interfaces_s.ep.rosidl_typesupport_c.c\n'}
[2.820289] (calculation_interfaces) StdoutLine: {'line': b'-- Installing: /home/cx/ros_using/robot_ws/src/install/calculation_interfaces/local/lib/python3.10/dist-packages/calculation_interfaces/_calculation_interfaces_s.ep.rosidl_typesupport_fastrtps_c.c\n'}
[2.820336] (calculation_interfaces) StdoutLine: {'line': b'-- Installing: /home/cx/ros_using/robot_ws/src/install/calculation_interfaces/local/lib/python3.10/dist-packages/calculation_interfaces/msg\n'}
[2.820386] (calculation_interfaces) StdoutLine: {'line': b'-- Installing: /home/cx/ros_using/robot_ws/src/install/calculation_interfaces/local/lib/python3.10/dist-packages/calculation_interfaces/msg/_calculation_result.py\n'}
[2.820471] (calculation_interfaces) StdoutLine: {'line': b'-- Installing: /home/cx/ros_using/robot_ws/src/install/calculation_interfaces/local/lib/python3.10/dist-packages/calculation_interfaces/msg/_calculation_result_s.c\n'}
[2.820520] (calculation_interfaces) StdoutLine: {'line': b'-- Installing: /home/cx/ros_using/robot_ws/src/install/calculation_interfaces/local/lib/python3.10/dist-packages/calculation_interfaces/msg/__init__.py\n'}
[2.820566] (calculation_interfaces) StdoutLine: {'line': b'-- Installing: /home/cx/ros_using/robot_ws/src/install/calculation_interfaces/local/lib/python3.10/dist-packages/calculation_interfaces/__init__.py\n'}
[2.820612] (calculation_interfaces) StdoutLine: {'line': b'-- Installing: /home/cx/ros_using/robot_ws/src/install/calculation_interfaces/local/lib/python3.10/dist-packages/calculation_interfaces/libcalculation_interfaces__rosidl_generator_py.so\n'}
[2.820665] (status_interfaces) StdoutLine: {'line': b'-- Installing: /home/cx/ros_using/robot_ws/src/install/status_interfaces/include/status_interfaces/status_interfaces/msg/detail/student_info__functions.h\n'}
[2.820713] (status_interfaces) StdoutLine: {'line': b'-- Installing: /home/cx/ros_using/robot_ws/src/install/status_interfaces/include/status_interfaces/status_interfaces/msg/rosidl_generator_c__visibility_control.h\n'}
[2.820758] (status_interfaces) StdoutLine: {'line': b'-- Installing: /home/cx/ros_using/robot_ws/src/install/status_interfaces/share/status_interfaces/environment/library_path.sh\n'}
[2.820806] (status_interfaces) StdoutLine: {'line': b'-- Installing: /home/cx/ros_using/robot_ws/src/install/status_interfaces/share/status_interfaces/environment/library_path.dsv\n'}
[2.820855] (status_interfaces) StdoutLine: {'line': b'-- Installing: /home/cx/ros_using/robot_ws/src/install/status_interfaces/lib/libstatus_interfaces__rosidl_generator_c.so\n'}
[2.820900] (status_interfaces) StdoutLine: {'line': b'-- Set runtime path of "/home/cx/ros_using/robot_ws/src/install/status_interfaces/lib/libstatus_interfaces__rosidl_generator_c.so" to ""\n'}
[2.820945] (status_interfaces) StdoutLine: {'line': b'-- Up-to-date: /home/cx/ros_using/robot_ws/src/install/status_interfaces/include/status_interfaces/status_interfaces\n'}
[2.820993] (status_interfaces) StdoutLine: {'line': b'-- Up-to-date: /home/cx/ros_using/robot_ws/src/install/status_interfaces/include/status_interfaces/status_interfaces/msg\n'}
[2.821067] (status_interfaces) StdoutLine: {'line': b'-- Installing: /home/cx/ros_using/robot_ws/src/install/status_interfaces/include/status_interfaces/status_interfaces/msg/rosidl_typesupport_fastrtps_c__visibility_control.h\n'}
[2.821228] (status_interfaces) StdoutLine: {'line': b'-- Up-to-date: /home/cx/ros_using/robot_ws/src/install/status_interfaces/include/status_interfaces/status_interfaces/msg/detail\n'}
[2.821279] (status_interfaces) StdoutLine: {'line': b'-- Installing: /home/cx/ros_using/robot_ws/src/install/status_interfaces/include/status_interfaces/status_interfaces/msg/detail/student_info__rosidl_typesupport_fastrtps_c.h\n'}
[2.821322] (status_interfaces) StdoutLine: {'line': b'-- Installing: /home/cx/ros_using/robot_ws/src/install/status_interfaces/lib/libstatus_interfaces__rosidl_typesupport_fastrtps_c.so\n'}
[2.821364] (status_interfaces) StdoutLine: {'line': b'-- Set runtime path of "/home/cx/ros_using/robot_ws/src/install/status_interfaces/lib/libstatus_interfaces__rosidl_typesupport_fastrtps_c.so" to ""\n'}
[2.821408] (status_interfaces) StdoutLine: {'line': b'-- Up-to-date: /home/cx/ros_using/robot_ws/src/install/status_interfaces/include/status_interfaces/status_interfaces\n'}
[2.821452] (status_interfaces) StdoutLine: {'line': b'-- Up-to-date: /home/cx/ros_using/robot_ws/src/install/status_interfaces/include/status_interfaces/status_interfaces/msg\n'}
[2.821507] (status_interfaces) StdoutLine: {'line': b'-- Installing: /home/cx/ros_using/robot_ws/src/install/status_interfaces/include/status_interfaces/status_interfaces/msg/student_info.hpp\n'}
[2.821558] (status_interfaces) StdoutLine: {'line': b'-- Up-to-date: /home/cx/ros_using/robot_ws/src/install/status_interfaces/include/status_interfaces/status_interfaces/msg/detail\n'}
[2.821606] (status_interfaces) StdoutLine: {'line': b'-- Installing: /home/cx/ros_using/robot_ws/src/install/status_interfaces/include/status_interfaces/status_interfaces/msg/detail/student_info__traits.hpp\n'}
[2.821652] (status_interfaces) StdoutLine: {'line': b'-- Installing: /home/cx/ros_using/robot_ws/src/install/status_interfaces/include/status_interfaces/status_interfaces/msg/detail/student_info__builder.hpp\n'}
[2.821695] (status_interfaces) StdoutLine: {'line': b'-- Installing: /home/cx/ros_using/robot_ws/src/install/status_interfaces/include/status_interfaces/status_interfaces/msg/detail/student_info__struct.hpp\n'}
[2.821738] (status_interfaces) StdoutLine: {'line': b'-- Installing: /home/cx/ros_using/robot_ws/src/install/status_interfaces/include/status_interfaces/status_interfaces/msg/detail/student_info__type_support.hpp\n'}
[2.821811] (status_interfaces) StdoutLine: {'line': b'-- Installing: /home/cx/ros_using/robot_ws/src/install/status_interfaces/include/status_interfaces/status_interfaces/msg/rosidl_generator_cpp__visibility_control.hpp\n'}
[2.821860] (status_interfaces) StdoutLine: {'line': b'-- Up-to-date: /home/cx/ros_using/robot_ws/src/install/status_interfaces/include/status_interfaces/status_interfaces\n'}
[2.821940] (status_interfaces) StdoutLine: {'line': b'-- Up-to-date: /home/cx/ros_using/robot_ws/src/install/status_interfaces/include/status_interfaces/status_interfaces/msg\n'}
[2.821993] (status_interfaces) StdoutLine: {'line': b'-- Up-to-date: /home/cx/ros_using/robot_ws/src/install/status_interfaces/include/status_interfaces/status_interfaces/msg/detail\n'}
[2.822044] (status_interfaces) StdoutLine: {'line': b'-- Installing: /home/cx/ros_using/robot_ws/src/install/status_interfaces/include/status_interfaces/status_interfaces/msg/detail/dds_fastrtps\n'}
[2.822100] (status_interfaces) StdoutLine: {'line': b'-- Installing: /home/cx/ros_using/robot_ws/src/install/status_interfaces/include/status_interfaces/status_interfaces/msg/detail/student_info__rosidl_typesupport_fastrtps_cpp.hpp\n'}
[2.822156] (status_interfaces) StdoutLine: {'line': b'-- Installing: /home/cx/ros_using/robot_ws/src/install/status_interfaces/include/status_interfaces/status_interfaces/msg/rosidl_typesupport_fastrtps_cpp__visibility_control.h\n'}
[2.822230] (status_interfaces) StdoutLine: {'line': b'-- Installing: /home/cx/ros_using/robot_ws/src/install/status_interfaces/lib/libstatus_interfaces__rosidl_typesupport_fastrtps_cpp.so\n'}
[2.822277] (status_interfaces) StdoutLine: {'line': b'-- Set runtime path of "/home/cx/ros_using/robot_ws/src/install/status_interfaces/lib/libstatus_interfaces__rosidl_typesupport_fastrtps_cpp.so" to ""\n'}
[2.822324] (status_interfaces) StdoutLine: {'line': b'-- Up-to-date: /home/cx/ros_using/robot_ws/src/install/status_interfaces/include/status_interfaces/status_interfaces\n'}
[2.822372] (status_interfaces) StdoutLine: {'line': b'-- Up-to-date: /home/cx/ros_using/robot_ws/src/install/status_interfaces/include/status_interfaces/status_interfaces/msg\n'}
[2.822418] (status_interfaces) StdoutLine: {'line': b'-- Up-to-date: /home/cx/ros_using/robot_ws/src/install/status_interfaces/include/status_interfaces/status_interfaces/msg/detail\n'}
[2.822467] (status_interfaces) StdoutLine: {'line': b'-- Installing: /home/cx/ros_using/robot_ws/src/install/status_interfaces/include/status_interfaces/status_interfaces/msg/detail/student_info__type_support.c\n'}
[2.822515] (status_interfaces) StdoutLine: {'line': b'-- Installing: /home/cx/ros_using/robot_ws/src/install/status_interfaces/include/status_interfaces/status_interfaces/msg/detail/student_info__rosidl_typesupport_introspection_c.h\n'}
[2.822578] (status_interfaces) StdoutLine: {'line': b'-- Installing: /home/cx/ros_using/robot_ws/src/install/status_interfaces/include/status_interfaces/status_interfaces/msg/rosidl_typesupport_introspection_c__visibility_control.h\n'}
[2.822634] (status_interfaces) StdoutLine: {'line': b'-- Installing: /home/cx/ros_using/robot_ws/src/install/status_interfaces/lib/libstatus_interfaces__rosidl_typesupport_introspection_c.so\n'}
[2.822685] (status_interfaces) StdoutLine: {'line': b'-- Set runtime path of "/home/cx/ros_using/robot_ws/src/install/status_interfaces/lib/libstatus_interfaces__rosidl_typesupport_introspection_c.so" to ""\n'}
[2.822737] (status_interfaces) StdoutLine: {'line': b'-- Installing: /home/cx/ros_using/robot_ws/src/install/status_interfaces/lib/libstatus_interfaces__rosidl_typesupport_c.so\n'}
[2.822787] (status_interfaces) StdoutLine: {'line': b'-- Set runtime path of "/home/cx/ros_using/robot_ws/src/install/status_interfaces/lib/libstatus_interfaces__rosidl_typesupport_c.so" to ""\n'}
[2.822836] (status_interfaces) StdoutLine: {'line': b'-- Up-to-date: /home/cx/ros_using/robot_ws/src/install/status_interfaces/include/status_interfaces/status_interfaces\n'}
[2.822883] (status_interfaces) StdoutLine: {'line': b'-- Up-to-date: /home/cx/ros_using/robot_ws/src/install/status_interfaces/include/status_interfaces/status_interfaces/msg\n'}
[2.822932] (status_interfaces) StdoutLine: {'line': b'-- Up-to-date: /home/cx/ros_using/robot_ws/src/install/status_interfaces/include/status_interfaces/status_interfaces/msg/detail\n'}
[2.822981] (status_interfaces) StdoutLine: {'line': b'-- Installing: /home/cx/ros_using/robot_ws/src/install/status_interfaces/include/status_interfaces/status_interfaces/msg/detail/student_info__rosidl_typesupport_introspection_cpp.hpp\n'}
[2.823032] (status_interfaces) StdoutLine: {'line': b'-- Installing: /home/cx/ros_using/robot_ws/src/install/status_interfaces/include/status_interfaces/status_interfaces/msg/detail/student_info__type_support.cpp\n'}
[2.823076] (status_interfaces) StdoutLine: {'line': b'-- Installing: /home/cx/ros_using/robot_ws/src/install/status_interfaces/lib/libstatus_interfaces__rosidl_typesupport_introspection_cpp.so\n'}
[2.823137] (status_interfaces) StdoutLine: {'line': b'-- Set runtime path of "/home/cx/ros_using/robot_ws/src/install/status_interfaces/lib/libstatus_interfaces__rosidl_typesupport_introspection_cpp.so" to ""\n'}
[2.823240] (status_interfaces) StdoutLine: {'line': b'-- Installing: /home/cx/ros_using/robot_ws/src/install/status_interfaces/lib/libstatus_interfaces__rosidl_typesupport_cpp.so\n'}
[2.823305] (status_interfaces) StdoutLine: {'line': b'-- Set runtime path of "/home/cx/ros_using/robot_ws/src/install/status_interfaces/lib/libstatus_interfaces__rosidl_typesupport_cpp.so" to ""\n'}
[2.823353] (status_interfaces) StdoutLine: {'line': b'-- Installing: /home/cx/ros_using/robot_ws/src/install/status_interfaces/share/status_interfaces/environment/pythonpath.sh\n'}
[2.823399] (status_interfaces) StdoutLine: {'line': b'-- Installing: /home/cx/ros_using/robot_ws/src/install/status_interfaces/share/status_interfaces/environment/pythonpath.dsv\n'}
[2.823449] (status_interfaces) StdoutLine: {'line': b'-- Installing: /home/cx/ros_using/robot_ws/src/install/status_interfaces/local/lib/python3.10/dist-packages/status_interfaces-0.0.0-py3.10.egg-info\n'}
[2.823517] (status_interfaces) StdoutLine: {'line': b'-- Installing: /home/cx/ros_using/robot_ws/src/install/status_interfaces/local/lib/python3.10/dist-packages/status_interfaces-0.0.0-py3.10.egg-info/SOURCES.txt\n'}
[2.823592] (status_interfaces) StdoutLine: {'line': b'-- Installing: /home/cx/ros_using/robot_ws/src/install/status_interfaces/local/lib/python3.10/dist-packages/status_interfaces-0.0.0-py3.10.egg-info/PKG-INFO\n'}
[2.823670] (status_interfaces) StdoutLine: {'line': b'-- Installing: /home/cx/ros_using/robot_ws/src/install/status_interfaces/local/lib/python3.10/dist-packages/status_interfaces-0.0.0-py3.10.egg-info/top_level.txt\n'}
[2.823745] (status_interfaces) StdoutLine: {'line': b'-- Installing: /home/cx/ros_using/robot_ws/src/install/status_interfaces/local/lib/python3.10/dist-packages/status_interfaces-0.0.0-py3.10.egg-info/dependency_links.txt\n'}
[2.823875] (status_interfaces) StdoutLine: {'line': b'-- Installing: /home/cx/ros_using/robot_ws/src/install/status_interfaces/local/lib/python3.10/dist-packages/status_interfaces\n'}
[2.823951] (status_interfaces) StdoutLine: {'line': b'-- Installing: /home/cx/ros_using/robot_ws/src/install/status_interfaces/local/lib/python3.10/dist-packages/status_interfaces/_status_interfaces_s.ep.rosidl_typesupport_c.c\n'}
[2.824058] (status_interfaces) StdoutLine: {'line': b'-- Installing: /home/cx/ros_using/robot_ws/src/install/status_interfaces/local/lib/python3.10/dist-packages/status_interfaces/msg\n'}
[2.824135] (status_interfaces) StdoutLine: {'line': b'-- Installing: /home/cx/ros_using/robot_ws/src/install/status_interfaces/local/lib/python3.10/dist-packages/status_interfaces/msg/_student_info.py\n'}
[2.824264] (status_interfaces) StdoutLine: {'line': b'-- Installing: /home/cx/ros_using/robot_ws/src/install/status_interfaces/local/lib/python3.10/dist-packages/status_interfaces/msg/_student_info_s.c\n'}
[2.824421] (status_interfaces) StdoutLine: {'line': b'-- Installing: /home/cx/ros_using/robot_ws/src/install/status_interfaces/local/lib/python3.10/dist-packages/status_interfaces/msg/__init__.py\n'}
[2.824524] (status_interfaces) StdoutLine: {'line': b'-- Installing: /home/cx/ros_using/robot_ws/src/install/status_interfaces/local/lib/python3.10/dist-packages/status_interfaces/_status_interfaces_s.ep.rosidl_typesupport_introspection_c.c\n'}
[2.824621] (status_interfaces) StdoutLine: {'line': b'-- Installing: /home/cx/ros_using/robot_ws/src/install/status_interfaces/local/lib/python3.10/dist-packages/status_interfaces/status_interfaces_s__rosidl_typesupport_introspection_c.cpython-310-x86_64-linux-gnu.so\n'}
[2.824722] (status_interfaces) StdoutLine: {'line': b'-- Installing: /home/cx/ros_using/robot_ws/src/install/status_interfaces/local/lib/python3.10/dist-packages/status_interfaces/status_interfaces_s__rosidl_typesupport_c.cpython-310-x86_64-linux-gnu.so\n'}
[2.824835] (status_interfaces) StdoutLine: {'line': b'-- Installing: /home/cx/ros_using/robot_ws/src/install/status_interfaces/local/lib/python3.10/dist-packages/status_interfaces/status_interfaces_s__rosidl_typesupport_fastrtps_c.cpython-310-x86_64-linux-gnu.so\n'}
[2.824958] (status_interfaces) StdoutLine: {'line': b'-- Installing: /home/cx/ros_using/robot_ws/src/install/status_interfaces/local/lib/python3.10/dist-packages/status_interfaces/__init__.py\n'}
[2.825051] (status_interfaces) StdoutLine: {'line': b'-- Installing: /home/cx/ros_using/robot_ws/src/install/status_interfaces/local/lib/python3.10/dist-packages/status_interfaces/libstatus_interfaces__rosidl_generator_py.so\n'}
[2.825202] (status_interfaces) StdoutLine: {'line': b'-- Installing: /home/cx/ros_using/robot_ws/src/install/status_interfaces/local/lib/python3.10/dist-packages/status_interfaces/_status_interfaces_s.ep.rosidl_typesupport_fastrtps_c.c\n'}
[2.844356] (calculation_interfaces) StdoutLine: {'line': b"Listing '/home/cx/ros_using/robot_ws/src/install/calculation_interfaces/local/lib/python3.10/dist-packages/calculation_interfaces'...\n"}
[2.844571] (calculation_interfaces) StdoutLine: {'line': b"Compiling '/home/cx/ros_using/robot_ws/src/install/calculation_interfaces/local/lib/python3.10/dist-packages/calculation_interfaces/__init__.py'...\n"}
[2.844656] (calculation_interfaces) StdoutLine: {'line': b"Listing '/home/cx/ros_using/robot_ws/src/install/calculation_interfaces/local/lib/python3.10/dist-packages/calculation_interfaces/msg'...\n"}
[2.844731] (calculation_interfaces) StdoutLine: {'line': b"Compiling '/home/cx/ros_using/robot_ws/src/install/calculation_interfaces/local/lib/python3.10/dist-packages/calculation_interfaces/msg/__init__.py'...\n"}
[2.844802] (calculation_interfaces) StdoutLine: {'line': b"Compiling '/home/cx/ros_using/robot_ws/src/install/calculation_interfaces/local/lib/python3.10/dist-packages/calculation_interfaces/msg/_calculation_result.py'...\n"}
[2.847974] (calculation_interfaces) StdoutLine: {'line': b'-- Installing: /home/cx/ros_using/robot_ws/src/install/calculation_interfaces/local/lib/python3.10/dist-packages/calculation_interfaces/calculation_interfaces_s__rosidl_typesupport_fastrtps_c.cpython-310-x86_64-linux-gnu.so\n'}
[2.848209] (calculation_interfaces) StdoutLine: {'line': b'-- Set runtime path of "/home/cx/ros_using/robot_ws/src/install/calculation_interfaces/local/lib/python3.10/dist-packages/calculation_interfaces/calculation_interfaces_s__rosidl_typesupport_fastrtps_c.cpython-310-x86_64-linux-gnu.so" to ""\n'}
[2.848384] (calculation_interfaces) StdoutLine: {'line': b'-- Installing: /home/cx/ros_using/robot_ws/src/install/calculation_interfaces/local/lib/python3.10/dist-packages/calculation_interfaces/calculation_interfaces_s__rosidl_typesupport_introspection_c.cpython-310-x86_64-linux-gnu.so\n'}
[2.848565] (status_interfaces) StdoutLine: {'line': b"Listing '/home/cx/ros_using/robot_ws/src/install/status_interfaces/local/lib/python3.10/dist-packages/status_interfaces'...\n"}
[2.848607] (status_interfaces) StdoutLine: {'line': b"Compiling '/home/cx/ros_using/robot_ws/src/install/status_interfaces/local/lib/python3.10/dist-packages/status_interfaces/__init__.py'...\n"}
[2.848637] (status_interfaces) StdoutLine: {'line': b"Listing '/home/cx/ros_using/robot_ws/src/install/status_interfaces/local/lib/python3.10/dist-packages/status_interfaces/msg'...\n"}
[2.848662] (status_interfaces) StdoutLine: {'line': b"Compiling '/home/cx/ros_using/robot_ws/src/install/status_interfaces/local/lib/python3.10/dist-packages/status_interfaces/msg/__init__.py'...\n"}
[2.848690] (status_interfaces) StdoutLine: {'line': b"Compiling '/home/cx/ros_using/robot_ws/src/install/status_interfaces/local/lib/python3.10/dist-packages/status_interfaces/msg/_student_info.py'...\n"}
[2.848738] (calculation_interfaces) StdoutLine: {'line': b'-- Set runtime path of "/home/cx/ros_using/robot_ws/src/install/calculation_interfaces/local/lib/python3.10/dist-packages/calculation_interfaces/calculation_interfaces_s__rosidl_typesupport_introspection_c.cpython-310-x86_64-linux-gnu.so" to ""\n'}
[2.848893] (calculation_interfaces) StdoutLine: {'line': b'-- Installing: /home/cx/ros_using/robot_ws/src/install/calculation_interfaces/local/lib/python3.10/dist-packages/calculation_interfaces/calculation_interfaces_s__rosidl_typesupport_c.cpython-310-x86_64-linux-gnu.so\n'}
[2.849139] (calculation_interfaces) StdoutLine: {'line': b'-- Set runtime path of "/home/cx/ros_using/robot_ws/src/install/calculation_interfaces/local/lib/python3.10/dist-packages/calculation_interfaces/calculation_interfaces_s__rosidl_typesupport_c.cpython-310-x86_64-linux-gnu.so" to ""\n'}
[2.849210] (calculation_interfaces) StdoutLine: {'line': b'-- Installing: /home/cx/ros_using/robot_ws/src/install/calculation_interfaces/lib/libcalculation_interfaces__rosidl_generator_py.so\n'}
[2.849512] (calculation_interfaces) StdoutLine: {'line': b'-- Set runtime path of "/home/cx/ros_using/robot_ws/src/install/calculation_interfaces/lib/libcalculation_interfaces__rosidl_generator_py.so" to ""\n'}
[2.849608] (calculation_interfaces) StdoutLine: {'line': b'-- Installing: /home/cx/ros_using/robot_ws/src/install/calculation_interfaces/share/ament_index/resource_index/rust_packages/calculation_interfaces\n'}
[2.849722] (calculation_interfaces) StdoutLine: {'line': b'-- Installing: /home/cx/ros_using/robot_ws/src/install/calculation_interfaces/share/calculation_interfaces/rust\n'}
[2.849787] (calculation_interfaces) StdoutLine: {'line': b'-- Installing: /home/cx/ros_using/robot_ws/src/install/calculation_interfaces/share/calculation_interfaces/rust/build.rs\n'}
[2.849876] (calculation_interfaces) StdoutLine: {'line': b'-- Installing: /home/cx/ros_using/robot_ws/src/install/calculation_interfaces/share/calculation_interfaces/rust/src\n'}
[2.849939] (calculation_interfaces) StdoutLine: {'line': b'-- Installing: /home/cx/ros_using/robot_ws/src/install/calculation_interfaces/share/calculation_interfaces/rust/src/lib.rs\n'}
[2.850025] (calculation_interfaces) StdoutLine: {'line': b'-- Installing: /home/cx/ros_using/robot_ws/src/install/calculation_interfaces/share/calculation_interfaces/rust/src/msg\n'}
[2.850084] (calculation_interfaces) StdoutLine: {'line': b'-- Installing: /home/cx/ros_using/robot_ws/src/install/calculation_interfaces/share/calculation_interfaces/rust/src/msg/rmw.rs\n'}
[2.850184] (calculation_interfaces) StdoutLine: {'line': b'-- Installing: /home/cx/ros_using/robot_ws/src/install/calculation_interfaces/share/calculation_interfaces/rust/src/msg.rs\n'}
[2.850270] (calculation_interfaces) StdoutLine: {'line': b'-- Installing: /home/cx/ros_using/robot_ws/src/install/calculation_interfaces/share/calculation_interfaces/rust/Cargo.toml\n'}
[2.850419] (calculation_interfaces) StdoutLine: {'line': b'-- Installing: /home/cx/ros_using/robot_ws/src/install/calculation_interfaces/share/calculation_interfaces/msg/CalculationResult.idl\n'}
[2.850532] (calculation_interfaces) StdoutLine: {'line': b'-- Installing: /home/cx/ros_using/robot_ws/src/install/calculation_interfaces/share/calculation_interfaces/msg/CalculationResult.msg\n'}
[2.850684] (calculation_interfaces) StdoutLine: {'line': b'-- Installing: /home/cx/ros_using/robot_ws/src/install/calculation_interfaces/share/ament_index/resource_index/package_run_dependencies/calculation_interfaces\n'}
[2.850832] (calculation_interfaces) StdoutLine: {'line': b'-- Installing: /home/cx/ros_using/robot_ws/src/install/calculation_interfaces/share/ament_index/resource_index/parent_prefix_path/calculation_interfaces\n'}
[2.850951] (calculation_interfaces) StdoutLine: {'line': b'-- Installing: /home/cx/ros_using/robot_ws/src/install/calculation_interfaces/share/calculation_interfaces/environment/ament_prefix_path.sh\n'}
[2.851064] (calculation_interfaces) StdoutLine: {'line': b'-- Installing: /home/cx/ros_using/robot_ws/src/install/calculation_interfaces/share/calculation_interfaces/environment/ament_prefix_path.dsv\n'}
[2.851184] (calculation_interfaces) StdoutLine: {'line': b'-- Installing: /home/cx/ros_using/robot_ws/src/install/calculation_interfaces/share/calculation_interfaces/environment/path.sh\n'}
[2.851296] (calculation_interfaces) StdoutLine: {'line': b'-- Installing: /home/cx/ros_using/robot_ws/src/install/calculation_interfaces/share/calculation_interfaces/environment/path.dsv\n'}
[2.851412] (calculation_interfaces) StdoutLine: {'line': b'-- Installing: /home/cx/ros_using/robot_ws/src/install/calculation_interfaces/share/calculation_interfaces/local_setup.bash\n'}
[2.851524] (calculation_interfaces) StdoutLine: {'line': b'-- Installing: /home/cx/ros_using/robot_ws/src/install/calculation_interfaces/share/calculation_interfaces/local_setup.sh\n'}
[2.851640] (calculation_interfaces) StdoutLine: {'line': b'-- Installing: /home/cx/ros_using/robot_ws/src/install/calculation_interfaces/share/calculation_interfaces/local_setup.zsh\n'}
[2.851759] (calculation_interfaces) StdoutLine: {'line': b'-- Installing: /home/cx/ros_using/robot_ws/src/install/calculation_interfaces/share/calculation_interfaces/local_setup.dsv\n'}
[2.851883] (status_interfaces) StdoutLine: {'line': b'-- Installing: /home/cx/ros_using/robot_ws/src/install/status_interfaces/local/lib/python3.10/dist-packages/status_interfaces/status_interfaces_s__rosidl_typesupport_fastrtps_c.cpython-310-x86_64-linux-gnu.so\n'}
[2.851924] (calculation_interfaces) StdoutLine: {'line': b'-- Installing: /home/cx/ros_using/robot_ws/src/install/calculation_interfaces/share/calculation_interfaces/package.dsv\n'}
[2.852019] (calculation_interfaces) StdoutLine: {'line': b'-- Installing: /home/cx/ros_using/robot_ws/src/install/calculation_interfaces/share/ament_index/resource_index/packages/calculation_interfaces\n'}
[2.852069] (status_interfaces) StdoutLine: {'line': b'-- Set runtime path of "/home/cx/ros_using/robot_ws/src/install/status_interfaces/local/lib/python3.10/dist-packages/status_interfaces/status_interfaces_s__rosidl_typesupport_fastrtps_c.cpython-310-x86_64-linux-gnu.so" to ""\n'}
[2.852143] (status_interfaces) StdoutLine: {'line': b'-- Installing: /home/cx/ros_using/robot_ws/src/install/status_interfaces/local/lib/python3.10/dist-packages/status_interfaces/status_interfaces_s__rosidl_typesupport_introspection_c.cpython-310-x86_64-linux-gnu.so\n'}
[2.852188] (calculation_interfaces) StdoutLine: {'line': b'-- Installing: /home/cx/ros_using/robot_ws/src/install/calculation_interfaces/share/calculation_interfaces/cmake/export_calculation_interfaces__rosidl_generator_cExport.cmake\n'}
[2.852295] (status_interfaces) StdoutLine: {'line': b'-- Set runtime path of "/home/cx/ros_using/robot_ws/src/install/status_interfaces/local/lib/python3.10/dist-packages/status_interfaces/status_interfaces_s__rosidl_typesupport_introspection_c.cpython-310-x86_64-linux-gnu.so" to ""\n'}
[2.852338] (calculation_interfaces) StdoutLine: {'line': b'-- Installing: /home/cx/ros_using/robot_ws/src/install/calculation_interfaces/share/calculation_interfaces/cmake/export_calculation_interfaces__rosidl_generator_cExport-noconfig.cmake\n'}
[2.852385] (status_interfaces) StdoutLine: {'line': b'-- Installing: /home/cx/ros_using/robot_ws/src/install/status_interfaces/local/lib/python3.10/dist-packages/status_interfaces/status_interfaces_s__rosidl_typesupport_c.cpython-310-x86_64-linux-gnu.so\n'}
[2.852443] (calculation_interfaces) StdoutLine: {'line': b'-- Installing: /home/cx/ros_using/robot_ws/src/install/calculation_interfaces/share/calculation_interfaces/cmake/export_calculation_interfaces__rosidl_typesupport_fastrtps_cExport.cmake\n'}
[2.852519] (status_interfaces) StdoutLine: {'line': b'-- Set runtime path of "/home/cx/ros_using/robot_ws/src/install/status_interfaces/local/lib/python3.10/dist-packages/status_interfaces/status_interfaces_s__rosidl_typesupport_c.cpython-310-x86_64-linux-gnu.so" to ""\n'}
[2.852574] (status_interfaces) StdoutLine: {'line': b'-- Installing: /home/cx/ros_using/robot_ws/src/install/status_interfaces/lib/libstatus_interfaces__rosidl_generator_py.so\n'}
[2.852601] (calculation_interfaces) StdoutLine: {'line': b'-- Installing: /home/cx/ros_using/robot_ws/src/install/calculation_interfaces/share/calculation_interfaces/cmake/export_calculation_interfaces__rosidl_typesupport_fastrtps_cExport-noconfig.cmake\n'}
[2.852698] (status_interfaces) StdoutLine: {'line': b'-- Set runtime path of "/home/cx/ros_using/robot_ws/src/install/status_interfaces/lib/libstatus_interfaces__rosidl_generator_py.so" to ""\n'}
[2.852726] (calculation_interfaces) StdoutLine: {'line': b'-- Installing: /home/cx/ros_using/robot_ws/src/install/calculation_interfaces/share/calculation_interfaces/cmake/calculation_interfaces__rosidl_typesupport_introspection_cExport.cmake\n'}
[2.852770] (status_interfaces) StdoutLine: {'line': b'-- Installing: /home/cx/ros_using/robot_ws/src/install/status_interfaces/share/ament_index/resource_index/rust_packages/status_interfaces\n'}
[2.852819] (status_interfaces) StdoutLine: {'line': b'-- Installing: /home/cx/ros_using/robot_ws/src/install/status_interfaces/share/status_interfaces/rust\n'}
[2.852858] (calculation_interfaces) StdoutLine: {'line': b'-- Installing: /home/cx/ros_using/robot_ws/src/install/calculation_interfaces/share/calculation_interfaces/cmake/calculation_interfaces__rosidl_typesupport_introspection_cExport-noconfig.cmake\n'}
[2.852918] (status_interfaces) StdoutLine: {'line': b'-- Installing: /home/cx/ros_using/robot_ws/src/install/status_interfaces/share/status_interfaces/rust/build.rs\n'}
[2.852963] (calculation_interfaces) StdoutLine: {'line': b'-- Installing: /home/cx/ros_using/robot_ws/src/install/calculation_interfaces/share/calculation_interfaces/cmake/calculation_interfaces__rosidl_typesupport_cExport.cmake\n'}
[2.853019] (status_interfaces) StdoutLine: {'line': b'-- Installing: /home/cx/ros_using/robot_ws/src/install/status_interfaces/share/status_interfaces/rust/src\n'}
[2.853050] (status_interfaces) StdoutLine: {'line': b'-- Installing: /home/cx/ros_using/robot_ws/src/install/status_interfaces/share/status_interfaces/rust/src/lib.rs\n'}
[2.853077] (status_interfaces) StdoutLine: {'line': b'-- Installing: /home/cx/ros_using/robot_ws/src/install/status_interfaces/share/status_interfaces/rust/src/msg\n'}
[2.853142] (status_interfaces) StdoutLine: {'line': b'-- Installing: /home/cx/ros_using/robot_ws/src/install/status_interfaces/share/status_interfaces/rust/src/msg/rmw.rs\n'}
[2.853182] (status_interfaces) StdoutLine: {'line': b'-- Installing: /home/cx/ros_using/robot_ws/src/install/status_interfaces/share/status_interfaces/rust/src/msg.rs\n'}
[2.853209] (status_interfaces) StdoutLine: {'line': b'-- Installing: /home/cx/ros_using/robot_ws/src/install/status_interfaces/share/status_interfaces/rust/Cargo.toml\n'}
[2.853235] (status_interfaces) StdoutLine: {'line': b'-- Installing: /home/cx/ros_using/robot_ws/src/install/status_interfaces/share/status_interfaces/msg/StudentInfo.idl\n'}
[2.853262] (calculation_interfaces) StdoutLine: {'line': b'-- Installing: /home/cx/ros_using/robot_ws/src/install/calculation_interfaces/share/calculation_interfaces/cmake/calculation_interfaces__rosidl_typesupport_cExport-noconfig.cmake\n'}
[2.853321] (status_interfaces) StdoutLine: {'line': b'-- Installing: /home/cx/ros_using/robot_ws/src/install/status_interfaces/share/status_interfaces/msg/StudentInfo.msg\n'}
[2.853350] (status_interfaces) StdoutLine: {'line': b'-- Installing: /home/cx/ros_using/robot_ws/src/install/status_interfaces/share/ament_index/resource_index/package_run_dependencies/status_interfaces\n'}
[2.853377] (status_interfaces) StdoutLine: {'line': b'-- Installing: /home/cx/ros_using/robot_ws/src/install/status_interfaces/share/ament_index/resource_index/parent_prefix_path/status_interfaces\n'}
[2.853429] (status_interfaces) StdoutLine: {'line': b'-- Installing: /home/cx/ros_using/robot_ws/src/install/status_interfaces/share/status_interfaces/environment/ament_prefix_path.sh\n'}
[2.853458] (status_interfaces) StdoutLine: {'line': b'-- Installing: /home/cx/ros_using/robot_ws/src/install/status_interfaces/share/status_interfaces/environment/ament_prefix_path.dsv\n'}
[2.853510] (calculation_interfaces) StdoutLine: {'line': b'-- Installing: /home/cx/ros_using/robot_ws/src/install/calculation_interfaces/share/calculation_interfaces/cmake/export_calculation_interfaces__rosidl_generator_cppExport.cmake\n'}
[2.853540] (calculation_interfaces) StdoutLine: {'line': b'-- Installing: /home/cx/ros_using/robot_ws/src/install/calculation_interfaces/share/calculation_interfaces/cmake/export_calculation_interfaces__rosidl_typesupport_fastrtps_cppExport.cmake\n'}
[2.853566] (calculation_interfaces) StdoutLine: {'line': b'-- Installing: /home/cx/ros_using/robot_ws/src/install/calculation_interfaces/share/calculation_interfaces/cmake/export_calculation_interfaces__rosidl_typesupport_fastrtps_cppExport-noconfig.cmake\n'}
[2.853608] (calculation_interfaces) StdoutLine: {'line': b'-- Installing: /home/cx/ros_using/robot_ws/src/install/calculation_interfaces/share/calculation_interfaces/cmake/calculation_interfaces__rosidl_typesupport_introspection_cppExport.cmake\n'}
[2.853655] (status_interfaces) StdoutLine: {'line': b'-- Installing: /home/cx/ros_using/robot_ws/src/install/status_interfaces/share/status_interfaces/environment/path.sh\n'}
[2.853724] (status_interfaces) StdoutLine: {'line': b'-- Installing: /home/cx/ros_using/robot_ws/src/install/status_interfaces/share/status_interfaces/environment/path.dsv\n'}
[2.853752] (status_interfaces) StdoutLine: {'line': b'-- Installing: /home/cx/ros_using/robot_ws/src/install/status_interfaces/share/status_interfaces/local_setup.bash\n'}
[2.853793] (status_interfaces) StdoutLine: {'line': b'-- Installing: /home/cx/ros_using/robot_ws/src/install/status_interfaces/share/status_interfaces/local_setup.sh\n'}
[2.853819] (status_interfaces) StdoutLine: {'line': b'-- Installing: /home/cx/ros_using/robot_ws/src/install/status_interfaces/share/status_interfaces/local_setup.zsh\n'}
[2.853845] (status_interfaces) StdoutLine: {'line': b'-- Installing: /home/cx/ros_using/robot_ws/src/install/status_interfaces/share/status_interfaces/local_setup.dsv\n'}
[2.853873] (calculation_interfaces) StdoutLine: {'line': b'-- Installing: /home/cx/ros_using/robot_ws/src/install/calculation_interfaces/share/calculation_interfaces/cmake/calculation_interfaces__rosidl_typesupport_introspection_cppExport-noconfig.cmake\n'}
[2.853923] (status_interfaces) StdoutLine: {'line': b'-- Installing: /home/cx/ros_using/robot_ws/src/install/status_interfaces/share/status_interfaces/package.dsv\n'}
[2.853950] (calculation_interfaces) StdoutLine: {'line': b'-- Installing: /home/cx/ros_using/robot_ws/src/install/calculation_interfaces/share/calculation_interfaces/cmake/calculation_interfaces__rosidl_typesupport_cppExport.cmake\n'}
[2.853976] (status_interfaces) StdoutLine: {'line': b'-- Installing: /home/cx/ros_using/robot_ws/src/install/status_interfaces/share/ament_index/resource_index/packages/status_interfaces\n'}
[2.854031] (status_interfaces) StdoutLine: {'line': b'-- Installing: /home/cx/ros_using/robot_ws/src/install/status_interfaces/share/status_interfaces/cmake/export_status_interfaces__rosidl_generator_cExport.cmake\n'}
[2.854060] (status_interfaces) StdoutLine: {'line': b'-- Installing: /home/cx/ros_using/robot_ws/src/install/status_interfaces/share/status_interfaces/cmake/export_status_interfaces__rosidl_generator_cExport-noconfig.cmake\n'}
[2.854087] (status_interfaces) StdoutLine: {'line': b'-- Installing: /home/cx/ros_using/robot_ws/src/install/status_interfaces/share/status_interfaces/cmake/export_status_interfaces__rosidl_typesupport_fastrtps_cExport.cmake\n'}
[2.854138] (calculation_interfaces) StdoutLine: {'line': b'-- Installing: /home/cx/ros_using/robot_ws/src/install/calculation_interfaces/share/calculation_interfaces/cmake/calculation_interfaces__rosidl_typesupport_cppExport-noconfig.cmake\n'}
[2.854180] (calculation_interfaces) StdoutLine: {'line': b'-- Installing: /home/cx/ros_using/robot_ws/src/install/calculation_interfaces/share/calculation_interfaces/cmake/export_calculation_interfaces__rosidl_generator_pyExport.cmake\n'}
[2.854211] (status_interfaces) StdoutLine: {'line': b'-- Installing: /home/cx/ros_using/robot_ws/src/install/status_interfaces/share/status_interfaces/cmake/export_status_interfaces__rosidl_typesupport_fastrtps_cExport-noconfig.cmake\n'}
[2.854253] (calculation_interfaces) StdoutLine: {'line': b'-- Installing: /home/cx/ros_using/robot_ws/src/install/calculation_interfaces/share/calculation_interfaces/cmake/export_calculation_interfaces__rosidl_generator_pyExport-noconfig.cmake\n'}
[2.854304] (status_interfaces) StdoutLine: {'line': b'-- Installing: /home/cx/ros_using/robot_ws/src/install/status_interfaces/share/status_interfaces/cmake/export_status_interfaces__rosidl_generator_cppExport.cmake\n'}
[2.854333] (status_interfaces) StdoutLine: {'line': b'-- Installing: /home/cx/ros_using/robot_ws/src/install/status_interfaces/share/status_interfaces/cmake/export_status_interfaces__rosidl_typesupport_fastrtps_cppExport.cmake\n'}
[2.854390] (status_interfaces) StdoutLine: {'line': b'-- Installing: /home/cx/ros_using/robot_ws/src/install/status_interfaces/share/status_interfaces/cmake/export_status_interfaces__rosidl_typesupport_fastrtps_cppExport-noconfig.cmake\n'}
[2.854419] (status_interfaces) StdoutLine: {'line': b'-- Installing: /home/cx/ros_using/robot_ws/src/install/status_interfaces/share/status_interfaces/cmake/status_interfaces__rosidl_typesupport_introspection_cExport.cmake\n'}
[2.854473] (status_interfaces) StdoutLine: {'line': b'-- Installing: /home/cx/ros_using/robot_ws/src/install/status_interfaces/share/status_interfaces/cmake/status_interfaces__rosidl_typesupport_introspection_cExport-noconfig.cmake\n'}
[2.854501] (status_interfaces) StdoutLine: {'line': b'-- Installing: /home/cx/ros_using/robot_ws/src/install/status_interfaces/share/status_interfaces/cmake/status_interfaces__rosidl_typesupport_cExport.cmake\n'}
[2.854527] (status_interfaces) StdoutLine: {'line': b'-- Installing: /home/cx/ros_using/robot_ws/src/install/status_interfaces/share/status_interfaces/cmake/status_interfaces__rosidl_typesupport_cExport-noconfig.cmake\n'}
[2.854553] (calculation_interfaces) StdoutLine: {'line': b'-- Installing: /home/cx/ros_using/robot_ws/src/install/calculation_interfaces/share/calculation_interfaces/cmake/rosidl_cmake-extras.cmake\n'}
[2.854579] (calculation_interfaces) StdoutLine: {'line': b'-- Installing: /home/cx/ros_using/robot_ws/src/install/calculation_interfaces/share/calculation_interfaces/cmake/ament_cmake_export_include_directories-extras.cmake\n'}
[2.854635] (status_interfaces) StdoutLine: {'line': b'-- Installing: /home/cx/ros_using/robot_ws/src/install/status_interfaces/share/status_interfaces/cmake/status_interfaces__rosidl_typesupport_introspection_cppExport.cmake\n'}
[2.854663] (status_interfaces) StdoutLine: {'line': b'-- Installing: /home/cx/ros_using/robot_ws/src/install/status_interfaces/share/status_interfaces/cmake/status_interfaces__rosidl_typesupport_introspection_cppExport-noconfig.cmake\n'}
[2.854689] (status_interfaces) StdoutLine: {'line': b'-- Installing: /home/cx/ros_using/robot_ws/src/install/status_interfaces/share/status_interfaces/cmake/status_interfaces__rosidl_typesupport_cppExport.cmake\n'}
[2.854739] (status_interfaces) StdoutLine: {'line': b'-- Installing: /home/cx/ros_using/robot_ws/src/install/status_interfaces/share/status_interfaces/cmake/status_interfaces__rosidl_typesupport_cppExport-noconfig.cmake\n'}
[2.854768] (status_interfaces) StdoutLine: {'line': b'-- Installing: /home/cx/ros_using/robot_ws/src/install/status_interfaces/share/status_interfaces/cmake/export_status_interfaces__rosidl_generator_pyExport.cmake\n'}
[2.854820] (status_interfaces) StdoutLine: {'line': b'-- Installing: /home/cx/ros_using/robot_ws/src/install/status_interfaces/share/status_interfaces/cmake/export_status_interfaces__rosidl_generator_pyExport-noconfig.cmake\n'}
[2.854849] (status_interfaces) StdoutLine: {'line': b'-- Installing: /home/cx/ros_using/robot_ws/src/install/status_interfaces/share/status_interfaces/cmake/rosidl_cmake-extras.cmake\n'}
[2.854918] (calculation_interfaces) StdoutLine: {'line': b'-- Installing: /home/cx/ros_using/robot_ws/src/install/calculation_interfaces/share/calculation_interfaces/cmake/ament_cmake_export_libraries-extras.cmake\n'}
[2.854947] (calculation_interfaces) StdoutLine: {'line': b'-- Installing: /home/cx/ros_using/robot_ws/src/install/calculation_interfaces/share/calculation_interfaces/cmake/ament_cmake_export_targets-extras.cmake\n'}
[2.854975] (calculation_interfaces) StdoutLine: {'line': b'-- Installing: /home/cx/ros_using/robot_ws/src/install/calculation_interfaces/share/calculation_interfaces/cmake/rosidl_cmake_export_typesupport_targets-extras.cmake\n'}
[2.855001] (status_interfaces) StdoutLine: {'line': b'-- Installing: /home/cx/ros_using/robot_ws/src/install/status_interfaces/share/status_interfaces/cmake/ament_cmake_export_dependencies-extras.cmake\n'}
[2.855028] (calculation_interfaces) StdoutLine: {'line': b'-- Installing: /home/cx/ros_using/robot_ws/src/install/calculation_interfaces/share/calculation_interfaces/cmake/ament_cmake_export_dependencies-extras.cmake\n'}
[2.855106] (status_interfaces) StdoutLine: {'line': b'-- Installing: /home/cx/ros_using/robot_ws/src/install/status_interfaces/share/status_interfaces/cmake/ament_cmake_export_include_directories-extras.cmake\n'}
[2.855138] (status_interfaces) StdoutLine: {'line': b'-- Installing: /home/cx/ros_using/robot_ws/src/install/status_interfaces/share/status_interfaces/cmake/ament_cmake_export_libraries-extras.cmake\n'}
[2.855166] (status_interfaces) StdoutLine: {'line': b'-- Installing: /home/cx/ros_using/robot_ws/src/install/status_interfaces/share/status_interfaces/cmake/ament_cmake_export_targets-extras.cmake\n'}
[2.855192] (status_interfaces) StdoutLine: {'line': b'-- Installing: /home/cx/ros_using/robot_ws/src/install/status_interfaces/share/status_interfaces/cmake/rosidl_cmake_export_typesupport_targets-extras.cmake\n'}
[2.855246] (status_interfaces) StdoutLine: {'line': b'-- Installing: /home/cx/ros_using/robot_ws/src/install/status_interfaces/share/status_interfaces/cmake/rosidl_cmake_export_typesupport_libraries-extras.cmake\n'}
[2.855273] (status_interfaces) StdoutLine: {'line': b'-- Installing: /home/cx/ros_using/robot_ws/src/install/status_interfaces/share/status_interfaces/cmake/rosidl_cmake_aggregate_target-extras.cmake\n'}
[2.855301] (status_interfaces) StdoutLine: {'line': b'-- Installing: /home/cx/ros_using/robot_ws/src/install/status_interfaces/share/status_interfaces/cmake/status_interfacesConfig.cmake\n'}
[2.855353] (status_interfaces) StdoutLine: {'line': b'-- Installing: /home/cx/ros_using/robot_ws/src/install/status_interfaces/share/status_interfaces/cmake/status_interfacesConfig-version.cmake\n'}
[2.855383] (status_interfaces) StdoutLine: {'line': b'-- Installing: /home/cx/ros_using/robot_ws/src/install/status_interfaces/share/status_interfaces/package.xml\n'}
[2.855423] (calculation_interfaces) StdoutLine: {'line': b'-- Installing: /home/cx/ros_using/robot_ws/src/install/calculation_interfaces/share/calculation_interfaces/cmake/rosidl_cmake_export_typesupport_libraries-extras.cmake\n'}
[2.855473] (calculation_interfaces) StdoutLine: {'line': b'-- Installing: /home/cx/ros_using/robot_ws/src/install/calculation_interfaces/share/calculation_interfaces/cmake/rosidl_cmake_aggregate_target-extras.cmake\n'}
[2.855502] (calculation_interfaces) StdoutLine: {'line': b'-- Installing: /home/cx/ros_using/robot_ws/src/install/calculation_interfaces/share/calculation_interfaces/cmake/calculation_interfacesConfig.cmake\n'}
[2.855533] (calculation_interfaces) StdoutLine: {'line': b'-- Installing: /home/cx/ros_using/robot_ws/src/install/calculation_interfaces/share/calculation_interfaces/cmake/calculation_interfacesConfig-version.cmake\n'}
[2.855574] (calculation_interfaces) StdoutLine: {'line': b'-- Installing: /home/cx/ros_using/robot_ws/src/install/calculation_interfaces/share/calculation_interfaces/package.xml\n'}
[2.856844] (status_interfaces) CommandEnded: {'returncode': 0}
[2.873605] (status_interfaces) JobEnded: {'identifier': 'status_interfaces', 'rc': 0}
[2.874382] (demo_python_topic) JobStarted: {'identifier': 'demo_python_topic'}
[2.876852] (calculation_interfaces) CommandEnded: {'returncode': 0}
[2.886706] (calculation_interfaces) JobEnded: {'identifier': 'calculation_interfaces', 'rc': 0}
[2.887777] (advanced_task) JobStarted: {'identifier': 'advanced_task'}
[2.907616] (-) TimerEvent: {}
[3.007868] (-) TimerEvent: {}
[3.108098] (-) TimerEvent: {}
[3.208321] (-) TimerEvent: {}
[3.308610] (-) TimerEvent: {}
[3.408929] (-) TimerEvent: {}
[3.448261] (demo_python_topic) Command: {'cmd': ['/usr/bin/python3', '-W', 'ignore:setup.py install is deprecated', '-W', 'ignore:easy_install command is deprecated', 'setup.py', 'egg_info', '--egg-base', '../build/demo_python_topic', 'build', '--build-base', '/home/cx/ros_using/robot_ws/src/build/demo_python_topic/build', 'install', '--record', '/home/cx/ros_using/robot_ws/src/build/demo_python_topic/install.log', '--install-scripts', '$base/lib/demo_python_topic', '--single-version-externally-managed', 'install_data'], 'cwd': '/home/cx/ros_using/robot_ws/src/pub_sub', 'env': {'GJS_DEBUG_TOPICS': 'JS ERROR;JS LOG', 'PYTHON_BASIC_REPL': '1', 'LESSOPEN': '| /usr/bin/lesspipe %s', 'LANGUAGE': 'zh_CN:zh', 'USER': 'cx', 'XDG_SESSION_TYPE': 'wayland', 'GIT_ASKPASS': '/usr/share/code/resources/app/extensions/git/dist/askpass.sh', 'SHLVL': '1', 'LD_LIBRARY_PATH': '/home/cx/ros_using/robot_ws/src/install/status_interfaces/lib:/opt/ros/humble/opt/rviz_ogre_vendor/lib:/opt/ros/humble/lib/x86_64-linux-gnu:/opt/ros/humble/lib', 'HOME': '/home/cx', 'CHROME_DESKTOP': 'code.desktop', 'OLDPWD': '/home/cx/ros_using/robot_ws/src/advanced_task', 'TERM_PROGRAM_VERSION': '1.132.0', 'DESKTOP_SESSION': 'ubuntu', 'NVM_BIN': '/home/cx/.nvm/versions/node/v18.20.8/bin', 'NVM_INC': '/home/cx/.nvm/versions/node/v18.20.8/include/node', 'GIO_LAUNCHED_DESKTOP_FILE': '/usr/share/applications/code.desktop', 'ROS_PYTHON_VERSION': '3', 'GNOME_SHELL_SESSION_MODE': 'ubuntu', 'GTK_MODULES': 'gail:atk-bridge', 'VSCODE_GIT_ASKPASS_MAIN': '/usr/share/code/resources/app/extensions/git/dist/askpass-main.js', 'VSCODE_GIT_ASKPASS_NODE': '/usr/share/code/code', 'MANAGERPID': '1623', 'PYDEVD_DISABLE_FILE_VALIDATION': '1', 'SYSTEMD_EXEC_PID': '1809', 'BUNDLED_DEBUGPY_PATH': '/home/cx/.vscode/extensions/ms-python.debugpy-2026.6.0-linux-x64/bundled/libs/debugpy', 'IM_CONFIG_CHECK_ENV': '1', 'VSCODE_PYTHON_AUTOACTIVATE_GUARD': '1', 'DBUS_SESSION_BUS_ADDRESS': 'unix:path=/run/user/1000/bus', 'COLORTERM': 'truecolor', 'GIO_LAUNCHED_DESKTOP_FILE_PID': '3277', 'NVM_DIR': '/home/cx/.nvm', 'IM_CONFIG_PHASE': '1', 'WAYLAND_DISPLAY': 'wayland-0', 'ROS_DISTRO': 'humble', 'LOGNAME': 'cx', 'JOURNAL_STREAM': '8:6830', '_': '/usr/bin/colcon', 'ROS_VERSION': '2', 'XDG_SESSION_CLASS': 'user', 'USERNAME': 'cx', 'TERM': 'xterm-256color', 'GNOME_DESKTOP_SESSION_ID': 'this-is-deprecated', 'FC_FONTATIONS': '1', 'ROS_LOCALHOST_ONLY': '0', 'PATH': '/home/cx/.local/bin:/home/cx/.nvm/versions/node/v18.20.8/bin:/opt/ros/humble/bin:/home/cx/.local/bin:/usr/local/sbin:/usr/local/bin:/usr/sbin:/usr/bin:/sbin:/bin:/usr/games:/usr/local/games:/snap/bin:/snap/bin:/home/cx/.vscode/extensions/ms-python.debugpy-2026.6.0-linux-x64/bundled/scripts/noConfigScripts', 'SESSION_MANAGER': 'local/robot:@/tmp/.ICE-unix/1771,unix/robot:/tmp/.ICE-unix/1771', 'INVOCATION_ID': '260accd8029e4ec39e973a521528817d', 'XDG_MENU_PREFIX': 'gnome-', 'GNOME_SETUP_DISPLAY': ':1', 'XDG_RUNTIME_DIR': '/run/user/1000', 'GDK_BACKEND': 'wayland', 'DISPLAY': ':0', 'VSCODE_DEBUGPY_ADAPTER_ENDPOINTS': '/home/cx/.vscode/extensions/ms-python.debugpy-2026.6.0-linux-x64/.noConfigDebugAdapterEndpoints/endpoint-1ac85e0b37115703.txt', 'LANG': 'zh_CN.UTF-8', 'XDG_CURRENT_DESKTOP': 'ubuntu:GNOME', 'PYTHONSTARTUP': '/home/cx/.config/Code/User/workspaceStorage/8bd317dffd0c24db84b4710aa99121aa/ms-python.python/pythonrc.py', 'XMODIFIERS': '@im=ibus', 'XDG_SESSION_DESKTOP': 'ubuntu', 'XAUTHORITY': '/run/user/1000/.mutter-Xwaylandauth.U9YVU3', 'LS_COLORS': 'rs=0:di=01;34:ln=01;36:mh=00:pi=40;33:so=01;35:do=01;35:bd=40;33;01:cd=40;33;01:or=40;31;01:mi=00:su=37;41:sg=30;43:ca=30;41:tw=30;42:ow=34;42:st=37;44:ex=01;32:*.tar=01;31:*.tgz=01;31:*.arc=01;31:*.arj=01;31:*.taz=01;31:*.lha=01;31:*.lz4=01;31:*.lzh=01;31:*.lzma=01;31:*.tlz=01;31:*.txz=01;31:*.tzo=01;31:*.t7z=01;31:*.zip=01;31:*.z=01;31:*.dz=01;31:*.gz=01;31:*.lrz=01;31:*.lz=01;31:*.lzo=01;31:*.xz=01;31:*.zst=01;31:*.tzst=01;31:*.bz2=01;31:*.bz=01;31:*.tbz=01;31:*.tbz2=01;31:*.tz=01;31:*.deb=01;31:*.rpm=01;31:*.jar=01;31:*.war=01;31:*.ear=01;31:*.sar=01;31:*.rar=01;31:*.alz=01;31:*.ace=01;31:*.zoo=01;31:*.cpio=01;31:*.7z=01;31:*.rz=01;31:*.cab=01;31:*.wim=01;31:*.swm=01;31:*.dwm=01;31:*.esd=01;31:*.jpg=01;35:*.jpeg=01;35:*.mjpg=01;35:*.mjpeg=01;35:*.gif=01;35:*.bmp=01;35:*.pbm=01;35:*.pgm=01;35:*.ppm=01;35:*.tga=01;35:*.xbm=01;35:*.xpm=01;35:*.tif=01;35:*.tiff=01;35:*.png=01;35:*.svg=01;35:*.svgz=01;35:*.mng=01;35:*.pcx=01;35:*.mov=01;35:*.mpg=01;35:*.mpeg=01;35:*.m2v=01;35:*.mkv=01;35:*.webm=01;35:*.webp=01;35:*.ogm=01;35:*.mp4=01;35:*.m4v=01;35:*.mp4v=01;35:*.vob=01;35:*.qt=01;35:*.nuv=01;35:*.wmv=01;35:*.asf=01;35:*.rm=01;35:*.rmvb=01;35:*.flc=01;35:*.avi=01;35:*.fli=01;35:*.flv=01;35:*.gl=01;35:*.dl=01;35:*.xcf=01;35:*.xwd=01;35:*.yuv=01;35:*.cgm=01;35:*.emf=01;35:*.ogv=01;35:*.ogx=01;35:*.aac=00;36:*.au=00;36:*.flac=00;36:*.m4a=00;36:*.mid=00;36:*.midi=00;36:*.mka=00;36:*.mp3=00;36:*.mpc=00;36:*.ogg=00;36:*.ra=00;36:*.wav=00;36:*.oga=00;36:*.opus=00;36:*.spx=00;36:*.xspf=00;36:', 'VSCODE_GIT_IPC_HANDLE': '/run/user/1000/vscode-git-825d1ab3bf.sock', 'TERM_PROGRAM': 'vscode', 'SSH_AGENT_LAUNCHER': 'gnome-keyring', 'SSH_AUTH_SOCK': '/run/user/1000/keyring/ssh', 'AMENT_PREFIX_PATH': '/home/cx/ros_using/robot_ws/src/install/status_interfaces:/opt/ros/humble', 'SHELL': '/bin/bash', 'QT_ACCESSIBILITY': '1', 'GDMSESSION': 'ubuntu', 'LESSCLOSE': '/usr/bin/lesspipe %s %s', 'GJS_DEBUG_OUTPUT': 'stderr', 'VSCODE_GIT_ASKPASS_EXTRA_ARGS': '', 'QT_IM_MODULE': 'ibus', 'PWD': '/home/cx/ros_using/robot_ws/src/build/demo_python_topic', 'XDG_CONFIG_DIRS': '/etc/xdg/xdg-ubuntu:/etc/xdg', 'NVM_CD_FLAGS': '', 'XDG_DATA_DIRS': '/usr/share/ubuntu:/usr/local/share/:/usr/share/:/var/lib/snapd/desktop', 'PYTHONPATH': '/home/cx/ros_using/robot_ws/src/build/demo_python_topic/prefix_override:/usr/lib/python3/dist-packages/colcon_core/task/python/colcon_distutils_commands:/home/cx/ros_using/robot_ws/src/install/demo_python_topic/lib/python3.10/site-packages:/home/cx/ros_using/robot_ws/src/install/status_interfaces/local/lib/python3.10/dist-packages:/opt/ros/humble/lib/python3.10/site-packages:/opt/ros/humble/local/lib/python3.10/dist-packages', 'COLCON': '1', 'CMAKE_PREFIX_PATH': '/home/cx/ros_using/robot_ws/src/install/status_interfaces'}, 'shell': False}
[3.450211] (advanced_task) Command: {'cmd': ['/usr/bin/python3', '-W', 'ignore:setup.py install is deprecated', '-W', 'ignore:easy_install command is deprecated', 'setup.py', 'egg_info', '--egg-base', '../build/advanced_task', 'build', '--build-base', '/home/cx/ros_using/robot_ws/src/build/advanced_task/build', 'install', '--record', '/home/cx/ros_using/robot_ws/src/build/advanced_task/install.log', '--install-scripts', '$base/lib/advanced_task', '--single-version-externally-managed', 'install_data'], 'cwd': '/home/cx/ros_using/robot_ws/src/advanced_task', 'env': {'GJS_DEBUG_TOPICS': 'JS ERROR;JS LOG', 'PYTHON_BASIC_REPL': '1', 'LESSOPEN': '| /usr/bin/lesspipe %s', 'LANGUAGE': 'zh_CN:zh', 'USER': 'cx', 'XDG_SESSION_TYPE': 'wayland', 'GIT_ASKPASS': '/usr/share/code/resources/app/extensions/git/dist/askpass.sh', 'SHLVL': '1', 'LD_LIBRARY_PATH': '/home/cx/ros_using/robot_ws/src/install/calculation_interfaces/lib:/opt/ros/humble/opt/rviz_ogre_vendor/lib:/opt/ros/humble/lib/x86_64-linux-gnu:/opt/ros/humble/lib', 'HOME': '/home/cx', 'CHROME_DESKTOP': 'code.desktop', 'OLDPWD': '/home/cx/ros_using/robot_ws/src/advanced_task', 'TERM_PROGRAM_VERSION': '1.132.0', 'DESKTOP_SESSION': 'ubuntu', 'NVM_BIN': '/home/cx/.nvm/versions/node/v18.20.8/bin', 'NVM_INC': '/home/cx/.nvm/versions/node/v18.20.8/include/node', 'GIO_LAUNCHED_DESKTOP_FILE': '/usr/share/applications/code.desktop', 'ROS_PYTHON_VERSION': '3', 'GNOME_SHELL_SESSION_MODE': 'ubuntu', 'GTK_MODULES': 'gail:atk-bridge', 'VSCODE_GIT_ASKPASS_MAIN': '/usr/share/code/resources/app/extensions/git/dist/askpass-main.js', 'VSCODE_GIT_ASKPASS_NODE': '/usr/share/code/code', 'MANAGERPID': '1623', 'PYDEVD_DISABLE_FILE_VALIDATION': '1', 'SYSTEMD_EXEC_PID': '1809', 'BUNDLED_DEBUGPY_PATH': '/home/cx/.vscode/extensions/ms-python.debugpy-2026.6.0-linux-x64/bundled/libs/debugpy', 'IM_CONFIG_CHECK_ENV': '1', 'VSCODE_PYTHON_AUTOACTIVATE_GUARD': '1', 'DBUS_SESSION_BUS_ADDRESS': 'unix:path=/run/user/1000/bus', 'COLORTERM': 'truecolor', 'GIO_LAUNCHED_DESKTOP_FILE_PID': '3277', 'NVM_DIR': '/home/cx/.nvm', 'IM_CONFIG_PHASE': '1', 'WAYLAND_DISPLAY': 'wayland-0', 'ROS_DISTRO': 'humble', 'LOGNAME': 'cx', 'JOURNAL_STREAM': '8:6830', '_': '/usr/bin/colcon', 'ROS_VERSION': '2', 'XDG_SESSION_CLASS': 'user', 'USERNAME': 'cx', 'TERM': 'xterm-256color', 'GNOME_DESKTOP_SESSION_ID': 'this-is-deprecated', 'FC_FONTATIONS': '1', 'ROS_LOCALHOST_ONLY': '0', 'PATH': '/home/cx/.local/bin:/home/cx/.nvm/versions/node/v18.20.8/bin:/opt/ros/humble/bin:/home/cx/.local/bin:/usr/local/sbin:/usr/local/bin:/usr/sbin:/usr/bin:/sbin:/bin:/usr/games:/usr/local/games:/snap/bin:/snap/bin:/home/cx/.vscode/extensions/ms-python.debugpy-2026.6.0-linux-x64/bundled/scripts/noConfigScripts', 'SESSION_MANAGER': 'local/robot:@/tmp/.ICE-unix/1771,unix/robot:/tmp/.ICE-unix/1771', 'INVOCATION_ID': '260accd8029e4ec39e973a521528817d', 'XDG_MENU_PREFIX': 'gnome-', 'GNOME_SETUP_DISPLAY': ':1', 'XDG_RUNTIME_DIR': '/run/user/1000', 'GDK_BACKEND': 'wayland', 'DISPLAY': ':0', 'VSCODE_DEBUGPY_ADAPTER_ENDPOINTS': '/home/cx/.vscode/extensions/ms-python.debugpy-2026.6.0-linux-x64/.noConfigDebugAdapterEndpoints/endpoint-1ac85e0b37115703.txt', 'LANG': 'zh_CN.UTF-8', 'XDG_CURRENT_DESKTOP': 'ubuntu:GNOME', 'PYTHONSTARTUP': '/home/cx/.config/Code/User/workspaceStorage/8bd317dffd0c24db84b4710aa99121aa/ms-python.python/pythonrc.py', 'XMODIFIERS': '@im=ibus', 'XDG_SESSION_DESKTOP': 'ubuntu', 'XAUTHORITY': '/run/user/1000/.mutter-Xwaylandauth.U9YVU3', 'LS_COLORS': 'rs=0:di=01;34:ln=01;36:mh=00:pi=40;33:so=01;35:do=01;35:bd=40;33;01:cd=40;33;01:or=40;31;01:mi=00:su=37;41:sg=30;43:ca=30;41:tw=30;42:ow=34;42:st=37;44:ex=01;32:*.tar=01;31:*.tgz=01;31:*.arc=01;31:*.arj=01;31:*.taz=01;31:*.lha=01;31:*.lz4=01;31:*.lzh=01;31:*.lzma=01;31:*.tlz=01;31:*.txz=01;31:*.tzo=01;31:*.t7z=01;31:*.zip=01;31:*.z=01;31:*.dz=01;31:*.gz=01;31:*.lrz=01;31:*.lz=01;31:*.lzo=01;31:*.xz=01;31:*.zst=01;31:*.tzst=01;31:*.bz2=01;31:*.bz=01;31:*.tbz=01;31:*.tbz2=01;31:*.tz=01;31:*.deb=01;31:*.rpm=01;31:*.jar=01;31:*.war=01;31:*.ear=01;31:*.sar=01;31:*.rar=01;31:*.alz=01;31:*.ace=01;31:*.zoo=01;31:*.cpio=01;31:*.7z=01;31:*.rz=01;31:*.cab=01;31:*.wim=01;31:*.swm=01;31:*.dwm=01;31:*.esd=01;31:*.jpg=01;35:*.jpeg=01;35:*.mjpg=01;35:*.mjpeg=01;35:*.gif=01;35:*.bmp=01;35:*.pbm=01;35:*.pgm=01;35:*.ppm=01;35:*.tga=01;35:*.xbm=01;35:*.xpm=01;35:*.tif=01;35:*.tiff=01;35:*.png=01;35:*.svg=01;35:*.svgz=01;35:*.mng=01;35:*.pcx=01;35:*.mov=01;35:*.mpg=01;35:*.mpeg=01;35:*.m2v=01;35:*.mkv=01;35:*.webm=01;35:*.webp=01;35:*.ogm=01;35:*.mp4=01;35:*.m4v=01;35:*.mp4v=01;35:*.vob=01;35:*.qt=01;35:*.nuv=01;35:*.wmv=01;35:*.asf=01;35:*.rm=01;35:*.rmvb=01;35:*.flc=01;35:*.avi=01;35:*.fli=01;35:*.flv=01;35:*.gl=01;35:*.dl=01;35:*.xcf=01;35:*.xwd=01;35:*.yuv=01;35:*.cgm=01;35:*.emf=01;35:*.ogv=01;35:*.ogx=01;35:*.aac=00;36:*.au=00;36:*.flac=00;36:*.m4a=00;36:*.mid=00;36:*.midi=00;36:*.mka=00;36:*.mp3=00;36:*.mpc=00;36:*.ogg=00;36:*.ra=00;36:*.wav=00;36:*.oga=00;36:*.opus=00;36:*.spx=00;36:*.xspf=00;36:', 'VSCODE_GIT_IPC_HANDLE': '/run/user/1000/vscode-git-825d1ab3bf.sock', 'TERM_PROGRAM': 'vscode', 'SSH_AGENT_LAUNCHER': 'gnome-keyring', 'SSH_AUTH_SOCK': '/run/user/1000/keyring/ssh', 'AMENT_PREFIX_PATH': '/home/cx/ros_using/robot_ws/src/install/calculation_interfaces:/opt/ros/humble', 'SHELL': '/bin/bash', 'QT_ACCESSIBILITY': '1', 'GDMSESSION': 'ubuntu', 'LESSCLOSE': '/usr/bin/lesspipe %s %s', 'GJS_DEBUG_OUTPUT': 'stderr', 'VSCODE_GIT_ASKPASS_EXTRA_ARGS': '', 'QT_IM_MODULE': 'ibus', 'PWD': '/home/cx/ros_using/robot_ws/src/build/advanced_task', 'XDG_CONFIG_DIRS': '/etc/xdg/xdg-ubuntu:/etc/xdg', 'NVM_CD_FLAGS': '', 'XDG_DATA_DIRS': '/usr/share/ubuntu:/usr/local/share/:/usr/share/:/var/lib/snapd/desktop', 'PYTHONPATH': '/home/cx/ros_using/robot_ws/src/build/advanced_task/prefix_override:/usr/lib/python3/dist-packages/colcon_core/task/python/colcon_distutils_commands:/home/cx/ros_using/robot_ws/src/install/advanced_task/lib/python3.10/site-packages:/home/cx/ros_using/robot_ws/src/install/calculation_interfaces/local/lib/python3.10/dist-packages:/opt/ros/humble/lib/python3.10/site-packages:/opt/ros/humble/local/lib/python3.10/dist-packages', 'COLCON': '1', 'CMAKE_PREFIX_PATH': '/home/cx/ros_using/robot_ws/src/install/calculation_interfaces'}, 'shell': False}
[3.509027] (-) TimerEvent: {}
[3.578277] (advanced_task) StdoutLine: {'line': b'running egg_info\n'}
[3.578425] (demo_python_topic) StdoutLine: {'line': b'running egg_info\n'}
[3.578516] (advanced_task) StdoutLine: {'line': b'creating ../build/advanced_task/advanced_task.egg-info\n'}
[3.578642] (advanced_task) StdoutLine: {'line': b'writing ../build/advanced_task/advanced_task.egg-info/PKG-INFO\n'}
[3.578734] (advanced_task) StdoutLine: {'line': b'writing dependency_links to ../build/advanced_task/advanced_task.egg-info/dependency_links.txt\n'}
[3.578815] (advanced_task) StdoutLine: {'line': b'writing entry points to ../build/advanced_task/advanced_task.egg-info/entry_points.txt\n'}
[3.578882] (advanced_task) StdoutLine: {'line': b'writing requirements to ../build/advanced_task/advanced_task.egg-info/requires.txt\n'}
[3.579043] (demo_python_topic) StdoutLine: {'line': b'creating ../build/demo_python_topic/demo_python_topic.egg-info\n'}
[3.579185] (advanced_task) StdoutLine: {'line': b'writing top-level names to ../build/advanced_task/advanced_task.egg-info/top_level.txt\n'}
[3.579274] (advanced_task) StdoutLine: {'line': b"writing manifest file '../build/advanced_task/advanced_task.egg-info/SOURCES.txt'\n"}
[3.579339] (demo_python_topic) StdoutLine: {'line': b'writing ../build/demo_python_topic/demo_python_topic.egg-info/PKG-INFO\n'}
[3.579404] (demo_python_topic) StdoutLine: {'line': b'writing dependency_links to ../build/demo_python_topic/demo_python_topic.egg-info/dependency_links.txt\n'}
[3.579468] (demo_python_topic) StdoutLine: {'line': b'writing entry points to ../build/demo_python_topic/demo_python_topic.egg-info/entry_points.txt\n'}
[3.579542] (demo_python_topic) StdoutLine: {'line': b'writing requirements to ../build/demo_python_topic/demo_python_topic.egg-info/requires.txt\n'}
[3.579604] (demo_python_topic) StdoutLine: {'line': b'writing top-level names to ../build/demo_python_topic/demo_python_topic.egg-info/top_level.txt\n'}
[3.579667] (demo_python_topic) StdoutLine: {'line': b"writing manifest file '../build/demo_python_topic/demo_python_topic.egg-info/SOURCES.txt'\n"}
[3.579888] (advanced_task) StdoutLine: {'line': b"reading manifest file '../build/advanced_task/advanced_task.egg-info/SOURCES.txt'\n"}
[3.580044] (demo_python_topic) StdoutLine: {'line': b"reading manifest file '../build/demo_python_topic/demo_python_topic.egg-info/SOURCES.txt'\n"}
[3.580127] (demo_python_topic) StdoutLine: {'line': b"adding license file 'LICENSE'\n"}
[3.580284] (advanced_task) StdoutLine: {'line': b"writing manifest file '../build/advanced_task/advanced_task.egg-info/SOURCES.txt'\n"}
[3.580381] (advanced_task) StdoutLine: {'line': b'running build\n'}
[3.580473] (advanced_task) StdoutLine: {'line': b'running build_py\n'}
[3.580562] (advanced_task) StdoutLine: {'line': b'creating /home/cx/ros_using/robot_ws/src/build/advanced_task/build\n'}
[3.580669] (advanced_task) StdoutLine: {'line': b'creating /home/cx/ros_using/robot_ws/src/build/advanced_task/build/lib\n'}
[3.580739] (advanced_task) StdoutLine: {'line': b'creating /home/cx/ros_using/robot_ws/src/build/advanced_task/build/lib/advanced_task\n'}
[3.580805] (advanced_task) StdoutLine: {'line': b'copying advanced_task/result_sub_node.py -> /home/cx/ros_using/robot_ws/src/build/advanced_task/build/lib/advanced_task\n'}
[3.580872] (advanced_task) StdoutLine: {'line': b'copying advanced_task/math_generator.py -> /home/cx/ros_using/robot_ws/src/build/advanced_task/build/lib/advanced_task\n'}
[3.580937] (advanced_task) StdoutLine: {'line': b'copying advanced_task/recognition_node.py -> /home/cx/ros_using/robot_ws/src/build/advanced_task/build/lib/advanced_task\n'}
[3.581024] (advanced_task) StdoutLine: {'line': b'copying advanced_task/__init__.py -> /home/cx/ros_using/robot_ws/src/build/advanced_task/build/lib/advanced_task\n'}
[3.581136] (advanced_task) StdoutLine: {'line': b'copying advanced_task/display_node.py -> /home/cx/ros_using/robot_ws/src/build/advanced_task/build/lib/advanced_task\n'}
[3.581249] (advanced_task) StdoutLine: {'line': b'running install\n'}
[3.581315] (advanced_task) StdoutLine: {'line': b'running install_lib\n'}
[3.581378] (demo_python_topic) StdoutLine: {'line': b"writing manifest file '../build/demo_python_topic/demo_python_topic.egg-info/SOURCES.txt'\n"}
[3.581446] (demo_python_topic) StdoutLine: {'line': b'running build\n'}
[3.581516] (demo_python_topic) StdoutLine: {'line': b'running build_py\n'}
[3.581628] (demo_python_topic) StdoutLine: {'line': b'creating /home/cx/ros_using/robot_ws/src/build/demo_python_topic/build\n'}
[3.581696] (demo_python_topic) StdoutLine: {'line': b'creating /home/cx/ros_using/robot_ws/src/build/demo_python_topic/build/lib\n'}
[3.581762] (demo_python_topic) StdoutLine: {'line': b'creating /home/cx/ros_using/robot_ws/src/build/demo_python_topic/build/lib/demo_python_topic\n'}
[3.581828] (demo_python_topic) StdoutLine: {'line': b'copying demo_python_topic/ID_pub_node.py -> /home/cx/ros_using/robot_ws/src/build/demo_python_topic/build/lib/demo_python_topic\n'}
[3.581895] (demo_python_topic) StdoutLine: {'line': b'copying demo_python_topic/ID_sub_node.py -> /home/cx/ros_using/robot_ws/src/build/demo_python_topic/build/lib/demo_python_topic\n'}
[3.581961] (demo_python_topic) StdoutLine: {'line': b'copying demo_python_topic/__init__.py -> /home/cx/ros_using/robot_ws/src/build/demo_python_topic/build/lib/demo_python_topic\n'}
[3.582027] (demo_python_topic) StdoutLine: {'line': b'running install\n'}
[3.582099] (demo_python_topic) StdoutLine: {'line': b'running install_lib\n'}
[3.582249] (advanced_task) StdoutLine: {'line': b'creating /home/cx/ros_using/robot_ws/src/install/advanced_task/lib/python3.10/site-packages/advanced_task\n'}
[3.582324] (demo_python_topic) StdoutLine: {'line': b'creating /home/cx/ros_using/robot_ws/src/install/demo_python_topic/lib/python3.10/site-packages/demo_python_topic\n'}
[3.582392] (demo_python_topic) StdoutLine: {'line': b'copying /home/cx/ros_using/robot_ws/src/build/demo_python_topic/build/lib/demo_python_topic/ID_pub_node.py -> /home/cx/ros_using/robot_ws/src/install/demo_python_topic/lib/python3.10/site-packages/demo_python_topic\n'}
[3.582459] (demo_python_topic) StdoutLine: {'line': b'copying /home/cx/ros_using/robot_ws/src/build/demo_python_topic/build/lib/demo_python_topic/ID_sub_node.py -> /home/cx/ros_using/robot_ws/src/install/demo_python_topic/lib/python3.10/site-packages/demo_python_topic\n'}
[3.582526] (demo_python_topic) StdoutLine: {'line': b'copying /home/cx/ros_using/robot_ws/src/build/demo_python_topic/build/lib/demo_python_topic/__init__.py -> /home/cx/ros_using/robot_ws/src/install/demo_python_topic/lib/python3.10/site-packages/demo_python_topic\n'}
[3.582591] (advanced_task) StdoutLine: {'line': b'copying /home/cx/ros_using/robot_ws/src/build/advanced_task/build/lib/advanced_task/result_sub_node.py -> /home/cx/ros_using/robot_ws/src/install/advanced_task/lib/python3.10/site-packages/advanced_task\n'}
[3.582658] (advanced_task) StdoutLine: {'line': b'copying /home/cx/ros_using/robot_ws/src/build/advanced_task/build/lib/advanced_task/math_generator.py -> /home/cx/ros_using/robot_ws/src/install/advanced_task/lib/python3.10/site-packages/advanced_task\n'}
[3.582723] (advanced_task) StdoutLine: {'line': b'copying /home/cx/ros_using/robot_ws/src/build/advanced_task/build/lib/advanced_task/recognition_node.py -> /home/cx/ros_using/robot_ws/src/install/advanced_task/lib/python3.10/site-packages/advanced_task\n'}
[3.582789] (advanced_task) StdoutLine: {'line': b'copying /home/cx/ros_using/robot_ws/src/build/advanced_task/build/lib/advanced_task/__init__.py -> /home/cx/ros_using/robot_ws/src/install/advanced_task/lib/python3.10/site-packages/advanced_task\n'}
[3.582854] (advanced_task) StdoutLine: {'line': b'copying /home/cx/ros_using/robot_ws/src/build/advanced_task/build/lib/advanced_task/display_node.py -> /home/cx/ros_using/robot_ws/src/install/advanced_task/lib/python3.10/site-packages/advanced_task\n'}
[3.582950] (advanced_task) StdoutLine: {'line': b'byte-compiling /home/cx/ros_using/robot_ws/src/install/advanced_task/lib/python3.10/site-packages/advanced_task/result_sub_node.py to result_sub_node.cpython-310.pyc\n'}
[3.583019] (demo_python_topic) StdoutLine: {'line': b'byte-compiling /home/cx/ros_using/robot_ws/src/install/demo_python_topic/lib/python3.10/site-packages/demo_python_topic/ID_pub_node.py to ID_pub_node.cpython-310.pyc\n'}
[3.583087] (demo_python_topic) StdoutLine: {'line': b'byte-compiling /home/cx/ros_using/robot_ws/src/install/demo_python_topic/lib/python3.10/site-packages/demo_python_topic/ID_sub_node.py to ID_sub_node.cpython-310.pyc\n'}
[3.583191] (advanced_task) StdoutLine: {'line': b'byte-compiling /home/cx/ros_using/robot_ws/src/install/advanced_task/lib/python3.10/site-packages/advanced_task/math_generator.py to math_generator.cpython-310.pyc\n'}
[3.583289] (advanced_task) StdoutLine: {'line': b'byte-compiling /home/cx/ros_using/robot_ws/src/install/advanced_task/lib/python3.10/site-packages/advanced_task/recognition_node.py to recognition_node.cpython-310.pyc\n'}
[3.583354] (demo_python_topic) StdoutLine: {'line': b'byte-compiling /home/cx/ros_using/robot_ws/src/install/demo_python_topic/lib/python3.10/site-packages/demo_python_topic/__init__.py to __init__.cpython-310.pyc\n'}
[3.583421] (demo_python_topic) StdoutLine: {'line': b'running install_data\n'}
[3.583485] (demo_python_topic) StdoutLine: {'line': b'creating /home/cx/ros_using/robot_ws/src/install/demo_python_topic/share/ament_index\n'}
[3.583548] (demo_python_topic) StdoutLine: {'line': b'creating /home/cx/ros_using/robot_ws/src/install/demo_python_topic/share/ament_index/resource_index\n'}
[3.583614] (demo_python_topic) StdoutLine: {'line': b'creating /home/cx/ros_using/robot_ws/src/install/demo_python_topic/share/ament_index/resource_index/packages\n'}
[3.583684] (demo_python_topic) StdoutLine: {'line': b'copying resource/demo_python_topic -> /home/cx/ros_using/robot_ws/src/install/demo_python_topic/share/ament_index/resource_index/packages\n'}
[3.583750] (demo_python_topic) StdoutLine: {'line': b'copying package.xml -> /home/cx/ros_using/robot_ws/src/install/demo_python_topic/share/demo_python_topic\n'}
[3.583814] (demo_python_topic) StdoutLine: {'line': b'running install_egg_info\n'}
[3.584209] (advanced_task) StdoutLine: {'line': b'byte-compiling /home/cx/ros_using/robot_ws/src/install/advanced_task/lib/python3.10/site-packages/advanced_task/__init__.py to __init__.cpython-310.pyc\n'}
[3.584302] (demo_python_topic) StdoutLine: {'line': b'Copying ../build/demo_python_topic/demo_python_topic.egg-info to /home/cx/ros_using/robot_ws/src/install/demo_python_topic/lib/python3.10/site-packages/demo_python_topic-0.0.0-py3.10.egg-info\n'}
[3.584391] (advanced_task) StdoutLine: {'line': b'byte-compiling /home/cx/ros_using/robot_ws/src/install/advanced_task/lib/python3.10/site-packages/advanced_task/display_node.py to display_node.cpython-310.pyc\n'}
[3.584552] (demo_python_topic) StdoutLine: {'line': b'running install_scripts\n'}
[3.584773] (advanced_task) StdoutLine: {'line': b'running install_data\n'}
[3.584862] (advanced_task) StdoutLine: {'line': b'creating /home/cx/ros_using/robot_ws/src/install/advanced_task/share/ament_index\n'}
[3.584972] (advanced_task) StdoutLine: {'line': b'creating /home/cx/ros_using/robot_ws/src/install/advanced_task/share/ament_index/resource_index\n'}
[3.585040] (advanced_task) StdoutLine: {'line': b'creating /home/cx/ros_using/robot_ws/src/install/advanced_task/share/ament_index/resource_index/packages\n'}
[3.585138] (advanced_task) StdoutLine: {'line': b'copying resource/advanced_task -> /home/cx/ros_using/robot_ws/src/install/advanced_task/share/ament_index/resource_index/packages\n'}
[3.585208] (advanced_task) StdoutLine: {'line': b'copying package.xml -> /home/cx/ros_using/robot_ws/src/install/advanced_task/share/advanced_task\n'}
[3.585270] (advanced_task) StdoutLine: {'line': b'creating /home/cx/ros_using/robot_ws/src/install/advanced_task/share/advanced_task/launch\n'}
[3.585339] (advanced_task) StdoutLine: {'line': b'copying launch/advanced.launch.py -> /home/cx/ros_using/robot_ws/src/install/advanced_task/share/advanced_task/launch\n'}
[3.585401] (advanced_task) StdoutLine: {'line': b'running install_egg_info\n'}
[3.586774] (advanced_task) StdoutLine: {'line': b'Copying ../build/advanced_task/advanced_task.egg-info to /home/cx/ros_using/robot_ws/src/install/advanced_task/lib/python3.10/site-packages/advanced_task-0.0.0-py3.10.egg-info\n'}
[3.587140] (advanced_task) StdoutLine: {'line': b'running install_scripts\n'}
[3.596898] (demo_python_topic) StdoutLine: {'line': b'Installing ID_pub_node script to /home/cx/ros_using/robot_ws/src/install/demo_python_topic/lib/demo_python_topic\n'}
[3.597019] (demo_python_topic) StdoutLine: {'line': b'Installing ID_sub_node script to /home/cx/ros_using/robot_ws/src/install/demo_python_topic/lib/demo_python_topic\n'}
[3.597171] (demo_python_topic) StdoutLine: {'line': b"writing list of installed files to '/home/cx/ros_using/robot_ws/src/build/demo_python_topic/install.log'\n"}
[3.599340] (advanced_task) StdoutLine: {'line': b'Installing display_node script to /home/cx/ros_using/robot_ws/src/install/advanced_task/lib/advanced_task\n'}
[3.599480] (advanced_task) StdoutLine: {'line': b'Installing recognition_node script to /home/cx/ros_using/robot_ws/src/install/advanced_task/lib/advanced_task\n'}
[3.599585] (advanced_task) StdoutLine: {'line': b'Installing result_sub_node script to /home/cx/ros_using/robot_ws/src/install/advanced_task/lib/advanced_task\n'}
[3.599700] (advanced_task) StdoutLine: {'line': b"writing list of installed files to '/home/cx/ros_using/robot_ws/src/build/advanced_task/install.log'\n"}
[3.609176] (-) TimerEvent: {}
[3.614499] (demo_python_topic) CommandEnded: {'returncode': 0}
[3.621117] (demo_python_topic) JobEnded: {'identifier': 'demo_python_topic', 'rc': 0}
[3.622072] (advanced_task) CommandEnded: {'returncode': 0}
[3.625345] (advanced_task) JobEnded: {'identifier': 'advanced_task', 'rc': 0}
[3.625868] (-) EventReactorShutdown: {}
