[0.000000] (-) TimerEvent: {}
[0.000286] (calculation_interfaces) JobQueued: {'identifier': 'calculation_interfaces', 'dependencies': OrderedDict()}
[0.000370] (status_interfaces) JobQueued: {'identifier': 'status_interfaces', 'dependencies': OrderedDict()}
[0.000392] (advanced_task) JobQueued: {'identifier': 'advanced_task', 'dependencies': OrderedDict([('calculation_interfaces', '/home/cx/ros_using/robot_ws/install/calculation_interfaces')])}
[0.000415] (demo_python_topic) JobQueued: {'identifier': 'demo_python_topic', 'dependencies': OrderedDict([('status_interfaces', '/home/cx/ros_using/robot_ws/install/status_interfaces')])}
[0.000436] (calculation_interfaces) JobStarted: {'identifier': 'calculation_interfaces'}
[0.003644] (status_interfaces) JobStarted: {'identifier': 'status_interfaces'}
[0.005851] (calculation_interfaces) JobProgress: {'identifier': 'calculation_interfaces', 'progress': 'cmake'}
[0.006249] (calculation_interfaces) Command: {'cmd': ['/usr/bin/cmake', '/home/cx/ros_using/robot_ws/src/calculation_interfaces', '-DCMAKE_INSTALL_PREFIX=/home/cx/ros_using/robot_ws/install/calculation_interfaces'], 'cwd': '/home/cx/ros_using/robot_ws/build/calculation_interfaces', 'env': OrderedDict([('SHLVL', '0'), ('LD_LIBRARY_PATH', '/opt/ros/humble/opt/rviz_ogre_vendor/lib:/opt/ros/humble/lib/x86_64-linux-gnu:/opt/ros/humble/lib'), ('HOME', '/home/cx'), ('OLDPWD', '/home/cx/ros_using'), ('ROS_PYTHON_VERSION', '3'), ('LC_CTYPE', 'C.UTF-8'), ('ROS_DISTRO', 'humble'), ('_', '/usr/bin/colcon'), ('ROS_VERSION', '2'), ('ROS_LOCALHOST_ONLY', '0'), ('PATH', '/opt/ros/humble/bin:/home/cx/.local/bin:/usr/bin:/bin:/snap/bin'), ('AMENT_PREFIX_PATH', '/opt/ros/humble'), ('PWD', '/home/cx/ros_using/robot_ws/build/calculation_interfaces'), ('XDG_DATA_DIRS', '/usr/share/gnome:/usr/local/share:/usr/share:/var/lib/snapd/desktop'), ('PYTHONPATH', '/opt/ros/humble/lib/python3.10/site-packages:/opt/ros/humble/local/lib/python3.10/dist-packages'), ('COLCON', '1'), ('CMAKE_PREFIX_PATH', '/opt/ros/humble')]), 'shell': False}
[0.008516] (status_interfaces) JobProgress: {'identifier': 'status_interfaces', 'progress': 'cmake'}
[0.009305] (status_interfaces) Command: {'cmd': ['/usr/bin/cmake', '/home/cx/ros_using/robot_ws/src/status_interfaces', '-DCMAKE_INSTALL_PREFIX=/home/cx/ros_using/robot_ws/install/status_interfaces'], 'cwd': '/home/cx/ros_using/robot_ws/build/status_interfaces', 'env': OrderedDict([('SHLVL', '0'), ('LD_LIBRARY_PATH', '/opt/ros/humble/opt/rviz_ogre_vendor/lib:/opt/ros/humble/lib/x86_64-linux-gnu:/opt/ros/humble/lib'), ('HOME', '/home/cx'), ('OLDPWD', '/home/cx/ros_using'), ('ROS_PYTHON_VERSION', '3'), ('LC_CTYPE', 'C.UTF-8'), ('ROS_DISTRO', 'humble'), ('_', '/usr/bin/colcon'), ('ROS_VERSION', '2'), ('ROS_LOCALHOST_ONLY', '0'), ('PATH', '/opt/ros/humble/bin:/home/cx/.local/bin:/usr/bin:/bin:/snap/bin'), ('AMENT_PREFIX_PATH', '/opt/ros/humble'), ('PWD', '/home/cx/ros_using/robot_ws/build/status_interfaces'), ('XDG_DATA_DIRS', '/usr/share/gnome:/usr/local/share:/usr/share:/var/lib/snapd/desktop'), ('PYTHONPATH', '/opt/ros/humble/lib/python3.10/site-packages:/opt/ros/humble/local/lib/python3.10/dist-packages'), ('COLCON', '1'), ('CMAKE_PREFIX_PATH', '/opt/ros/humble')]), 'shell': False}
[0.099817] (-) TimerEvent: {}
[0.137809] (status_interfaces) StdoutLine: {'line': b'-- The C compiler identification is GNU 11.4.0\n'}
[0.138562] (calculation_interfaces) StdoutLine: {'line': b'-- The C compiler identification is GNU 11.4.0\n'}
[0.199941] (-) TimerEvent: {}
[0.229325] (status_interfaces) StdoutLine: {'line': b'-- The CXX compiler identification is GNU 11.4.0\n'}
[0.229639] (calculation_interfaces) StdoutLine: {'line': b'-- The CXX compiler identification is GNU 11.4.0\n'}
[0.239367] (status_interfaces) StdoutLine: {'line': b'-- Detecting C compiler ABI info\n'}
[0.239571] (calculation_interfaces) StdoutLine: {'line': b'-- Detecting C compiler ABI info\n'}
[0.300058] (-) TimerEvent: {}
[0.311345] (status_interfaces) StdoutLine: {'line': b'-- Detecting C compiler ABI info - done\n'}
[0.311653] (calculation_interfaces) StdoutLine: {'line': b'-- Detecting C compiler ABI info - done\n'}
[0.322730] (status_interfaces) StdoutLine: {'line': b'-- Check for working C compiler: /usr/bin/cc - skipped\n'}
[0.323408] (calculation_interfaces) StdoutLine: {'line': b'-- Check for working C compiler: /usr/bin/cc - skipped\n'}
[0.323582] (status_interfaces) StdoutLine: {'line': b'-- Detecting C compile features\n'}
[0.323749] (calculation_interfaces) StdoutLine: {'line': b'-- Detecting C compile features\n'}
[0.324243] (calculation_interfaces) StdoutLine: {'line': b'-- Detecting C compile features - done\n'}
[0.324344] (status_interfaces) StdoutLine: {'line': b'-- Detecting C compile features - done\n'}
[0.327890] (status_interfaces) StdoutLine: {'line': b'-- Detecting CXX compiler ABI info\n'}
[0.327999] (calculation_interfaces) StdoutLine: {'line': b'-- Detecting CXX compiler ABI info\n'}
[0.400173] (-) TimerEvent: {}
[0.402605] (calculation_interfaces) StdoutLine: {'line': b'-- Detecting CXX compiler ABI info - done\n'}
[0.404203] (status_interfaces) StdoutLine: {'line': b'-- Detecting CXX compiler ABI info - done\n'}
[0.408834] (calculation_interfaces) StdoutLine: {'line': b'-- Check for working CXX compiler: /usr/bin/c++ - skipped\n'}
[0.409077] (calculation_interfaces) StdoutLine: {'line': b'-- Detecting CXX compile features\n'}
[0.409428] (calculation_interfaces) StdoutLine: {'line': b'-- Detecting CXX compile features - done\n'}
[0.413569] (status_interfaces) StdoutLine: {'line': b'-- Check for working CXX compiler: /usr/bin/c++ - skipped\n'}
[0.413899] (status_interfaces) StdoutLine: {'line': b'-- Detecting CXX compile features\n'}
[0.414240] (status_interfaces) StdoutLine: {'line': b'-- Detecting CXX compile features - done\n'}
[0.415366] (calculation_interfaces) StdoutLine: {'line': b'-- Found ament_cmake: 1.3.14 (/opt/ros/humble/share/ament_cmake/cmake)\n'}
[0.415864] (status_interfaces) StdoutLine: {'line': b'-- Found ament_cmake: 1.3.14 (/opt/ros/humble/share/ament_cmake/cmake)\n'}
[0.500293] (-) TimerEvent: {}
[0.551627] (calculation_interfaces) StdoutLine: {'line': b'-- Found Python3: /usr/bin/python3 (found version "3.10.12") found components: Interpreter \n'}
[0.558552] (status_interfaces) StdoutLine: {'line': b'-- Found Python3: /usr/bin/python3 (found version "3.10.12") found components: Interpreter \n'}
[0.600502] (-) TimerEvent: {}
[0.665603] (calculation_interfaces) StdoutLine: {'line': b'-- Found rosidl_default_generators: 1.2.1 (/opt/ros/humble/share/rosidl_default_generators/cmake)\n'}
[0.666421] (status_interfaces) StdoutLine: {'line': b'-- Found builtin_interfaces: 1.2.3 (/opt/ros/humble/share/builtin_interfaces/cmake)\n'}
[0.669182] (calculation_interfaces) StdoutLine: {'line': b'-- Using all available rosidl_typesupport_c: rosidl_typesupport_fastrtps_c;rosidl_typesupport_introspection_c\n'}
[0.675263] (calculation_interfaces) StdoutLine: {'line': b'-- Found rosidl_adapter: 3.1.9 (/opt/ros/humble/share/rosidl_adapter/cmake)\n'}
[0.700620] (-) TimerEvent: {}
[0.704115] (status_interfaces) StdoutLine: {'line': b'-- Found rosidl_generator_c: 3.1.9 (/opt/ros/humble/share/rosidl_generator_c/cmake)\n'}
[0.708150] (status_interfaces) StdoutLine: {'line': b'-- Found rosidl_adapter: 3.1.9 (/opt/ros/humble/share/rosidl_adapter/cmake)\n'}
[0.717206] (status_interfaces) StdoutLine: {'line': b'-- Found rosidl_generator_cpp: 3.1.9 (/opt/ros/humble/share/rosidl_generator_cpp/cmake)\n'}
[0.717529] (calculation_interfaces) StdoutLine: {'line': b'-- Using all available rosidl_typesupport_cpp: rosidl_typesupport_fastrtps_cpp;rosidl_typesupport_introspection_cpp\n'}
[0.733469] (status_interfaces) StdoutLine: {'line': b'-- Using all available rosidl_typesupport_c: rosidl_typesupport_fastrtps_c;rosidl_typesupport_introspection_c\n'}
[0.747136] (status_interfaces) StdoutLine: {'line': b'-- Using all available rosidl_typesupport_cpp: rosidl_typesupport_fastrtps_cpp;rosidl_typesupport_introspection_cpp\n'}
[0.759868] (status_interfaces) StdoutLine: {'line': b'-- Found rosidl_default_generators: 1.2.1 (/opt/ros/humble/share/rosidl_default_generators/cmake)\n'}
[0.800746] (-) TimerEvent: {}
[0.900964] (-) TimerEvent: {}
[1.001217] (-) TimerEvent: {}
[1.030218] (calculation_interfaces) StdoutLine: {'line': b'-- Found ament_cmake_ros: 0.10.0 (/opt/ros/humble/share/ament_cmake_ros/cmake)\n'}
[1.033829] (status_interfaces) StdoutLine: {'line': b'-- Found ament_cmake_ros: 0.10.0 (/opt/ros/humble/share/ament_cmake_ros/cmake)\n'}
[1.101338] (-) TimerEvent: {}
[1.201556] (-) TimerEvent: {}
[1.233045] (calculation_interfaces) StdoutLine: {'line': b'-- Using all available rosidl_typesupport_c: rosidl_typesupport_fastrtps_c;rosidl_typesupport_introspection_c\n'}
[1.301788] (-) TimerEvent: {}
[1.328400] (status_interfaces) StdoutLine: {'line': b'-- Using all available rosidl_typesupport_c: rosidl_typesupport_fastrtps_c;rosidl_typesupport_introspection_c\n'}
[1.401899] (-) TimerEvent: {}
[1.443755] (calculation_interfaces) StdoutLine: {'line': b'-- Using all available rosidl_typesupport_cpp: rosidl_typesupport_fastrtps_cpp;rosidl_typesupport_introspection_cpp\n'}
[1.451650] (status_interfaces) StdoutLine: {'line': b'-- Using all available rosidl_typesupport_cpp: rosidl_typesupport_fastrtps_cpp;rosidl_typesupport_introspection_cpp\n'}
[1.462206] (calculation_interfaces) StdoutLine: {'line': b'-- Found PythonInterp: /usr/bin/python3 (found suitable version "3.10.12", minimum required is "3.6") \n'}
[1.463521] (calculation_interfaces) StdoutLine: {'line': b'-- Found python_cmake_module: 0.10.0 (/opt/ros/humble/share/python_cmake_module/cmake)\n'}
[1.471870] (status_interfaces) StdoutLine: {'line': b'-- Found PythonInterp: /usr/bin/python3 (found suitable version "3.10.12", minimum required is "3.6") \n'}
[1.472710] (status_interfaces) StdoutLine: {'line': b'-- Found python_cmake_module: 0.10.0 (/opt/ros/humble/share/python_cmake_module/cmake)\n'}
[1.485036] (calculation_interfaces) StdoutLine: {'line': b'-- Found PythonLibs: /usr/lib/x86_64-linux-gnu/libpython3.10.so (found suitable version "3.10.12", minimum required is "3.5") \n'}
[1.485159] (calculation_interfaces) StdoutLine: {'line': b'-- Using PYTHON_EXECUTABLE: /usr/bin/python3\n'}
[1.485200] (calculation_interfaces) StdoutLine: {'line': b'-- Using PYTHON_INCLUDE_DIRS: /usr/include/python3.10\n'}
[1.485234] (calculation_interfaces) StdoutLine: {'line': b'-- Using PYTHON_LIBRARIES: /usr/lib/x86_64-linux-gnu/libpython3.10.so\n'}
[1.493094] (status_interfaces) StdoutLine: {'line': b'-- Found PythonLibs: /usr/lib/x86_64-linux-gnu/libpython3.10.so (found suitable version "3.10.12", minimum required is "3.5") \n'}
[1.493246] (status_interfaces) StdoutLine: {'line': b'-- Using PYTHON_EXECUTABLE: /usr/bin/python3\n'}
[1.493300] (status_interfaces) StdoutLine: {'line': b'-- Using PYTHON_INCLUDE_DIRS: /usr/include/python3.10\n'}
[1.493348] (status_interfaces) StdoutLine: {'line': b'-- Using PYTHON_LIBRARIES: /usr/lib/x86_64-linux-gnu/libpython3.10.so\n'}
[1.501983] (-) TimerEvent: {}
[1.508801] (calculation_interfaces) StdoutLine: {'line': b'-- Found PythonExtra: .so  \n'}
[1.513432] (status_interfaces) StdoutLine: {'line': b'-- Found PythonExtra: .so  \n'}
[1.593990] (calculation_interfaces) StdoutLine: {'line': b'-- Found ament_lint_auto: 0.12.15 (/opt/ros/humble/share/ament_lint_auto/cmake)\n'}
[1.602078] (-) TimerEvent: {}
[1.605536] (status_interfaces) StdoutLine: {'line': b'-- Found ament_lint_auto: 0.12.15 (/opt/ros/humble/share/ament_lint_auto/cmake)\n'}
[1.611583] (calculation_interfaces) StdoutLine: {'line': b"-- Added test 'lint_cmake' to check CMake code style\n"}
[1.612610] (calculation_interfaces) StdoutLine: {'line': b"-- Added test 'xmllint' to check XML markup files\n"}
[1.614478] (calculation_interfaces) StdoutLine: {'line': b'-- Configuring done\n'}
[1.617589] (status_interfaces) StdoutLine: {'line': b"-- Added test 'lint_cmake' to check CMake code style\n"}
[1.618377] (status_interfaces) StdoutLine: {'line': b"-- Added test 'xmllint' to check XML markup files\n"}
[1.620237] (status_interfaces) StdoutLine: {'line': b'-- Configuring done\n'}
[1.635914] (calculation_interfaces) StdoutLine: {'line': b'-- Generating done\n'}
[1.642782] (status_interfaces) StdoutLine: {'line': b'-- Generating done\n'}
[1.644089] (calculation_interfaces) StdoutLine: {'line': b'-- Build files have been written to: /home/cx/ros_using/robot_ws/build/calculation_interfaces\n'}
[1.650376] (calculation_interfaces) CommandEnded: {'returncode': 0}
[1.650943] (calculation_interfaces) JobProgress: {'identifier': 'calculation_interfaces', 'progress': 'build'}
[1.651875] (calculation_interfaces) Command: {'cmd': ['/usr/bin/cmake', '--build', '/home/cx/ros_using/robot_ws/build/calculation_interfaces', '--', '-j12', '-l12'], 'cwd': '/home/cx/ros_using/robot_ws/build/calculation_interfaces', 'env': OrderedDict([('SHLVL', '0'), ('LD_LIBRARY_PATH', '/opt/ros/humble/opt/rviz_ogre_vendor/lib:/opt/ros/humble/lib/x86_64-linux-gnu:/opt/ros/humble/lib'), ('HOME', '/home/cx'), ('OLDPWD', '/home/cx/ros_using'), ('ROS_PYTHON_VERSION', '3'), ('LC_CTYPE', 'C.UTF-8'), ('ROS_DISTRO', 'humble'), ('_', '/usr/bin/colcon'), ('ROS_VERSION', '2'), ('ROS_LOCALHOST_ONLY', '0'), ('PATH', '/opt/ros/humble/bin:/home/cx/.local/bin:/usr/bin:/bin:/snap/bin'), ('AMENT_PREFIX_PATH', '/opt/ros/humble'), ('PWD', '/home/cx/ros_using/robot_ws/build/calculation_interfaces'), ('XDG_DATA_DIRS', '/usr/share/gnome:/usr/local/share:/usr/share:/var/lib/snapd/desktop'), ('PYTHONPATH', '/opt/ros/humble/lib/python3.10/site-packages:/opt/ros/humble/local/lib/python3.10/dist-packages'), ('COLCON', '1'), ('CMAKE_PREFIX_PATH', '/opt/ros/humble')]), 'shell': False}
[1.652560] (status_interfaces) StdoutLine: {'line': b'-- Build files have been written to: /home/cx/ros_using/robot_ws/build/status_interfaces\n'}
[1.656671] (status_interfaces) CommandEnded: {'returncode': 0}
[1.657190] (status_interfaces) JobProgress: {'identifier': 'status_interfaces', 'progress': 'build'}
[1.657554] (status_interfaces) Command: {'cmd': ['/usr/bin/cmake', '--build', '/home/cx/ros_using/robot_ws/build/status_interfaces', '--', '-j12', '-l12'], 'cwd': '/home/cx/ros_using/robot_ws/build/status_interfaces', 'env': OrderedDict([('SHLVL', '0'), ('LD_LIBRARY_PATH', '/opt/ros/humble/opt/rviz_ogre_vendor/lib:/opt/ros/humble/lib/x86_64-linux-gnu:/opt/ros/humble/lib'), ('HOME', '/home/cx'), ('OLDPWD', '/home/cx/ros_using'), ('ROS_PYTHON_VERSION', '3'), ('LC_CTYPE', 'C.UTF-8'), ('ROS_DISTRO', 'humble'), ('_', '/usr/bin/colcon'), ('ROS_VERSION', '2'), ('ROS_LOCALHOST_ONLY', '0'), ('PATH', '/opt/ros/humble/bin:/home/cx/.local/bin:/usr/bin:/bin:/snap/bin'), ('AMENT_PREFIX_PATH', '/opt/ros/humble'), ('PWD', '/home/cx/ros_using/robot_ws/build/status_interfaces'), ('XDG_DATA_DIRS', '/usr/share/gnome:/usr/local/share:/usr/share:/var/lib/snapd/desktop'), ('PYTHONPATH', '/opt/ros/humble/lib/python3.10/site-packages:/opt/ros/humble/local/lib/python3.10/dist-packages'), ('COLCON', '1'), ('CMAKE_PREFIX_PATH', '/opt/ros/humble')]), 'shell': False}
[1.686807] (calculation_interfaces) StdoutLine: {'line': b'[  3%] Generating C code for ROS interfaces\n'}
[1.700785] (calculation_interfaces) StdoutLine: {'line': b'[  6%] Generating Rust code for ROS interfaces\n'}
[1.702204] (-) TimerEvent: {}
[1.706030] (status_interfaces) StdoutLine: {'line': b'[  3%] Generating C code for ROS interfaces\n'}
[1.709207] (calculation_interfaces) StdoutLine: {'line': b'[  9%] Generating C++ code for ROS interfaces\n'}
[1.715081] (calculation_interfaces) StdoutLine: {'line': b'[  9%] Built target ament_cmake_python_copy_calculation_interfaces\n'}
[1.721430] (status_interfaces) StdoutLine: {'line': b'[  6%] Generating C++ code for ROS interfaces\n'}
[1.725058] (status_interfaces) StdoutLine: {'line': b'[  6%] Built target ament_cmake_python_copy_status_interfaces\n'}
[1.726385] (status_interfaces) StdoutLine: {'line': b'[  9%] Generating Rust code for ROS interfaces\n'}
[1.802311] (-) TimerEvent: {}
[1.902492] (-) TimerEvent: {}
[1.951294] (calculation_interfaces) StdoutLine: {'line': b'running egg_info\n'}
[1.952139] (calculation_interfaces) StdoutLine: {'line': b'creating calculation_interfaces.egg-info\n'}
[1.952394] (calculation_interfaces) StdoutLine: {'line': b'writing calculation_interfaces.egg-info/PKG-INFO\n'}
[1.952639] (calculation_interfaces) StdoutLine: {'line': b'writing dependency_links to calculation_interfaces.egg-info/dependency_links.txt\n'}
[1.952845] (calculation_interfaces) StdoutLine: {'line': b'writing top-level names to calculation_interfaces.egg-info/top_level.txt\n'}
[1.952933] (calculation_interfaces) StdoutLine: {'line': b"writing manifest file 'calculation_interfaces.egg-info/SOURCES.txt'\n"}
[1.954978] (calculation_interfaces) StdoutLine: {'line': b"reading manifest file 'calculation_interfaces.egg-info/SOURCES.txt'\n"}
[1.955207] (status_interfaces) StdoutLine: {'line': b'running egg_info\n'}
[1.955602] (calculation_interfaces) StdoutLine: {'line': b"writing manifest file 'calculation_interfaces.egg-info/SOURCES.txt'\n"}
[1.956167] (status_interfaces) StdoutLine: {'line': b'creating status_interfaces.egg-info\n'}
[1.956430] (status_interfaces) StdoutLine: {'line': b'writing status_interfaces.egg-info/PKG-INFO\n'}
[1.956699] (status_interfaces) StdoutLine: {'line': b'writing dependency_links to status_interfaces.egg-info/dependency_links.txt\n'}
[1.957059] (status_interfaces) StdoutLine: {'line': b'writing top-level names to status_interfaces.egg-info/top_level.txt\n'}
[1.957367] (status_interfaces) StdoutLine: {'line': b"writing manifest file 'status_interfaces.egg-info/SOURCES.txt'\n"}
[1.963966] (status_interfaces) StdoutLine: {'line': b"reading manifest file 'status_interfaces.egg-info/SOURCES.txt'\n"}
[1.964129] (status_interfaces) StdoutLine: {'line': b"writing manifest file 'status_interfaces.egg-info/SOURCES.txt'\n"}
[1.974761] (status_interfaces) StdoutLine: {'line': b'[  9%] Built target status_interfaces__rs\n'}
[1.983182] (status_interfaces) StdoutLine: {'line': b'[  9%] Built target status_interfaces__cpp\n'}
[1.992236] (status_interfaces) StdoutLine: {'line': b'[ 12%] Generating C++ type support for eProsima Fast-RTPS\n'}
[1.993233] (calculation_interfaces) StdoutLine: {'line': b'[  9%] Built target ament_cmake_python_build_calculation_interfaces_egg\n'}
[1.993842] (status_interfaces) StdoutLine: {'line': b'[ 15%] Generating C++ introspection for ROS interfaces\n'}
[1.995204] (status_interfaces) StdoutLine: {'line': b'[ 18%] Generating C++ type support dispatch for ROS interfaces\n'}
[1.998671] (status_interfaces) StdoutLine: {'line': b'[ 18%] Built target ament_cmake_python_build_status_interfaces_egg\n'}
[2.002585] (-) TimerEvent: {}
[2.068121] (calculation_interfaces) StdoutLine: {'line': b'[  9%] Built target calculation_interfaces__cpp\n'}
[2.077960] (calculation_interfaces) StdoutLine: {'line': b'[ 12%] Generating C++ type support for eProsima Fast-RTPS\n'}
[2.083802] (calculation_interfaces) StdoutLine: {'line': b'[ 15%] Generating C++ introspection for ROS interfaces\n'}
[2.084022] (calculation_interfaces) StdoutLine: {'line': b'[ 18%] Generating C++ type support dispatch for ROS interfaces\n'}
[2.102723] (-) TimerEvent: {}
[2.103364] (calculation_interfaces) StdoutLine: {'line': b'[ 18%] Built target calculation_interfaces__rs\n'}
[2.129633] (status_interfaces) StdoutLine: {'line': b'[ 21%] Building C object CMakeFiles/status_interfaces__rosidl_generator_c.dir/rosidl_generator_c/status_interfaces/msg/detail/student_info__functions.c.o\n'}
[2.137243] (calculation_interfaces) StdoutLine: {'line': b'[ 21%] Building C object CMakeFiles/calculation_interfaces__rosidl_generator_c.dir/rosidl_generator_c/calculation_interfaces/msg/detail/calculation_result__functions.c.o\n'}
[2.202822] (-) TimerEvent: {}
[2.207992] (status_interfaces) StdoutLine: {'line': b'[ 25%] Linking C shared library libstatus_interfaces__rosidl_generator_c.so\n'}
[2.211415] (calculation_interfaces) StdoutLine: {'line': b'[ 25%] Linking C shared library libcalculation_interfaces__rosidl_generator_c.so\n'}
[2.242997] (status_interfaces) StdoutLine: {'line': b'[ 25%] Built target status_interfaces__rosidl_generator_c\n'}
[2.254282] (status_interfaces) StdoutLine: {'line': b'[ 28%] Generating C introspection for ROS interfaces\n'}
[2.254473] (status_interfaces) StdoutLine: {'line': b'[ 31%] Generating C type support dispatch for ROS interfaces\n'}
[2.255019] (status_interfaces) StdoutLine: {'line': b'[ 34%] Generating C type support for eProsima Fast-RTPS\n'}
[2.257141] (status_interfaces) StdoutLine: {'line': b'[ 37%] Building CXX object CMakeFiles/status_interfaces__rosidl_typesupport_fastrtps_cpp.dir/rosidl_typesupport_fastrtps_cpp/status_interfaces/msg/detail/dds_fastrtps/student_info__type_support.cpp.o\n'}
[2.260923] (status_interfaces) StdoutLine: {'line': b'[ 40%] Building CXX object CMakeFiles/status_interfaces__rosidl_typesupport_cpp.dir/rosidl_typesupport_cpp/status_interfaces/msg/student_info__type_support.cpp.o\n'}
[2.265953] (calculation_interfaces) StdoutLine: {'line': b'[ 25%] Built target calculation_interfaces__rosidl_generator_c\n'}
[2.280613] (calculation_interfaces) StdoutLine: {'line': b'[ 28%] Generating C introspection for ROS interfaces\n'}
[2.280812] (calculation_interfaces) StdoutLine: {'line': b'[ 34%] Generating C type support for eProsima Fast-RTPS\n'}
[2.280907] (calculation_interfaces) StdoutLine: {'line': b'[ 34%] Generating C type support dispatch for ROS interfaces\n'}
[2.305749] (-) TimerEvent: {}
[2.348792] (status_interfaces) StdoutLine: {'line': b'[ 43%] Building CXX object CMakeFiles/status_interfaces__rosidl_typesupport_introspection_cpp.dir/rosidl_typesupport_introspection_cpp/status_interfaces/msg/detail/student_info__type_support.cpp.o\n'}
[2.373923] (calculation_interfaces) StdoutLine: {'line': b'[ 37%] Building CXX object CMakeFiles/calculation_interfaces__rosidl_typesupport_cpp.dir/rosidl_typesupport_cpp/calculation_interfaces/msg/calculation_result__type_support.cpp.o\n'}
[2.405855] (-) TimerEvent: {}
[2.486165] (calculation_interfaces) StdoutLine: {'line': b'[ 40%] Building CXX object CMakeFiles/calculation_interfaces__rosidl_typesupport_introspection_cpp.dir/rosidl_typesupport_introspection_cpp/calculation_interfaces/msg/detail/calculation_result__type_support.cpp.o\n'}
[2.504591] (calculation_interfaces) StdoutLine: {'line': b'[ 43%] Building CXX object CMakeFiles/calculation_interfaces__rosidl_typesupport_fastrtps_cpp.dir/rosidl_typesupport_fastrtps_cpp/calculation_interfaces/msg/detail/dds_fastrtps/calculation_result__type_support.cpp.o\n'}
[2.505937] (-) TimerEvent: {}
[2.606124] (-) TimerEvent: {}
[2.636568] (status_interfaces) StdoutLine: {'line': b'[ 46%] Building CXX object CMakeFiles/status_interfaces__rosidl_typesupport_c.dir/rosidl_typesupport_c/status_interfaces/msg/student_info__type_support.cpp.o\n'}
[2.670092] (status_interfaces) StdoutLine: {'line': b'[ 50%] Building C object CMakeFiles/status_interfaces__rosidl_typesupport_introspection_c.dir/rosidl_typesupport_introspection_c/status_interfaces/msg/detail/student_info__type_support.c.o\n'}
[2.675479] (calculation_interfaces) StdoutLine: {'line': b'[ 46%] Building CXX object CMakeFiles/calculation_interfaces__rosidl_typesupport_c.dir/rosidl_typesupport_c/calculation_interfaces/msg/calculation_result__type_support.cpp.o\n'}
[2.686986] (status_interfaces) StdoutLine: {'line': b'[ 53%] Linking CXX shared library libstatus_interfaces__rosidl_typesupport_c.so\n'}
[2.706252] (-) TimerEvent: {}
[2.718806] (calculation_interfaces) StdoutLine: {'line': b'[ 50%] Linking CXX shared library libcalculation_interfaces__rosidl_typesupport_c.so\n'}
[2.719043] (calculation_interfaces) StdoutLine: {'line': b'[ 53%] Building C object CMakeFiles/calculation_interfaces__rosidl_typesupport_introspection_c.dir/rosidl_typesupport_introspection_c/calculation_interfaces/msg/detail/calculation_result__type_support.c.o\n'}
[2.719146] (status_interfaces) StdoutLine: {'line': b'[ 56%] Linking C shared library libstatus_interfaces__rosidl_typesupport_introspection_c.so\n'}
[2.732412] (status_interfaces) StdoutLine: {'line': b'[ 59%] Building CXX object CMakeFiles/status_interfaces__rosidl_typesupport_fastrtps_c.dir/rosidl_typesupport_fastrtps_c/status_interfaces/msg/detail/student_info__type_support_c.cpp.o\n'}
[2.748346] (status_interfaces) StdoutLine: {'line': b'[ 59%] Built target status_interfaces__rosidl_typesupport_c\n'}
[2.763751] (calculation_interfaces) StdoutLine: {'line': b'[ 56%] Linking C shared library libcalculation_interfaces__rosidl_typesupport_introspection_c.so\n'}
[2.763975] (status_interfaces) StdoutLine: {'line': b'[ 62%] Linking CXX shared library libstatus_interfaces__rosidl_typesupport_cpp.so\n'}
[2.768078] (status_interfaces) StdoutLine: {'line': b'[ 62%] Built target status_interfaces__rosidl_typesupport_introspection_c\n'}
[2.784118] (calculation_interfaces) StdoutLine: {'line': b'[ 59%] Linking CXX shared library libcalculation_interfaces__rosidl_typesupport_cpp.so\n'}
[2.784790] (calculation_interfaces) StdoutLine: {'line': b'[ 59%] Built target calculation_interfaces__rosidl_typesupport_c\n'}
[2.791235] (calculation_interfaces) StdoutLine: {'line': b'[ 62%] Building CXX object CMakeFiles/calculation_interfaces__rosidl_typesupport_fastrtps_c.dir/rosidl_typesupport_fastrtps_c/calculation_interfaces/msg/detail/calculation_result__type_support_c.cpp.o\n'}
[2.800852] (calculation_interfaces) StdoutLine: {'line': b'[ 62%] Built target calculation_interfaces__rosidl_typesupport_introspection_c\n'}
[2.806382] (-) TimerEvent: {}
[2.809579] (status_interfaces) StdoutLine: {'line': b'[ 62%] Built target status_interfaces__rosidl_typesupport_cpp\n'}
[2.832721] (calculation_interfaces) StdoutLine: {'line': b'[ 62%] Built target calculation_interfaces__rosidl_typesupport_cpp\n'}
[2.853104] (status_interfaces) StdoutLine: {'line': b'[ 65%] Linking CXX shared library libstatus_interfaces__rosidl_typesupport_fastrtps_cpp.so\n'}
[2.906500] (-) TimerEvent: {}
[2.956143] (status_interfaces) StdoutLine: {'line': b'[ 65%] Built target status_interfaces__rosidl_typesupport_fastrtps_cpp\n'}
[2.998973] (calculation_interfaces) StdoutLine: {'line': b'[ 65%] Linking CXX shared library libcalculation_interfaces__rosidl_typesupport_introspection_cpp.so\n'}
[3.001428] (status_interfaces) StdoutLine: {'line': b'[ 68%] Linking CXX shared library libstatus_interfaces__rosidl_typesupport_introspection_cpp.so\n'}
[3.006617] (-) TimerEvent: {}
[3.074655] (status_interfaces) StdoutLine: {'line': b'[ 68%] Built target status_interfaces__rosidl_typesupport_introspection_cpp\n'}
[3.083056] (status_interfaces) StdoutLine: {'line': b'[ 71%] Linking CXX shared library libstatus_interfaces__rosidl_typesupport_fastrtps_c.so\n'}
[3.086443] (calculation_interfaces) StdoutLine: {'line': b'[ 65%] Built target calculation_interfaces__rosidl_typesupport_introspection_cpp\n'}
[3.103618] (calculation_interfaces) StdoutLine: {'line': b'[ 68%] Linking CXX shared library libcalculation_interfaces__rosidl_typesupport_fastrtps_c.so\n'}
[3.106843] (-) TimerEvent: {}
[3.110378] (calculation_interfaces) StdoutLine: {'line': b'[ 71%] Linking CXX shared library libcalculation_interfaces__rosidl_typesupport_fastrtps_cpp.so\n'}
[3.174356] (status_interfaces) StdoutLine: {'line': b'[ 71%] Built target status_interfaces__rosidl_typesupport_fastrtps_c\n'}
[3.175299] (calculation_interfaces) StdoutLine: {'line': b'[ 71%] Built target calculation_interfaces__rosidl_typesupport_fastrtps_c\n'}
[3.187587] (calculation_interfaces) StdoutLine: {'line': b'[ 71%] Built target calculation_interfaces__rosidl_typesupport_fastrtps_cpp\n'}
[3.191579] (status_interfaces) StdoutLine: {'line': b'[ 71%] Built target status_interfaces\n'}
[3.205752] (calculation_interfaces) StdoutLine: {'line': b'[ 71%] Built target calculation_interfaces\n'}
[3.206923] (-) TimerEvent: {}
[3.207635] (status_interfaces) StdoutLine: {'line': b'[ 75%] Generating Python code for ROS interfaces\n'}
[3.225939] (calculation_interfaces) StdoutLine: {'line': b'[ 75%] Generating Python code for ROS interfaces\n'}
[3.307034] (-) TimerEvent: {}
[3.407347] (-) TimerEvent: {}
[3.437621] (status_interfaces) StdoutLine: {'line': b'[ 75%] Built target status_interfaces__py\n'}
[3.451263] (calculation_interfaces) StdoutLine: {'line': b'[ 75%] Built target calculation_interfaces__py\n'}
[3.456127] (status_interfaces) StdoutLine: {'line': b'[ 78%] Building C object CMakeFiles/status_interfaces__rosidl_generator_py.dir/rosidl_generator_py/status_interfaces/msg/_student_info_s.c.o\n'}
[3.469364] (calculation_interfaces) StdoutLine: {'line': b'[ 78%] Building C object CMakeFiles/calculation_interfaces__rosidl_generator_py.dir/rosidl_generator_py/calculation_interfaces/msg/_calculation_result_s.c.o\n'}
[3.507434] (-) TimerEvent: {}
[3.548258] (status_interfaces) StdoutLine: {'line': b'[ 81%] Linking C shared library rosidl_generator_py/status_interfaces/libstatus_interfaces__rosidl_generator_py.so\n'}
[3.549371] (calculation_interfaces) StdoutLine: {'line': b'[ 81%] Linking C shared library rosidl_generator_py/calculation_interfaces/libcalculation_interfaces__rosidl_generator_py.so\n'}
[3.582392] (status_interfaces) StdoutLine: {'line': b'[ 81%] Built target status_interfaces__rosidl_generator_py\n'}
[3.583937] (calculation_interfaces) StdoutLine: {'line': b'[ 81%] Built target calculation_interfaces__rosidl_generator_py\n'}
[3.607595] (-) TimerEvent: {}
[3.609840] (status_interfaces) StdoutLine: {'line': b'[ 84%] Building C object CMakeFiles/status_interfaces__rosidl_typesupport_fastrtps_c__pyext.dir/rosidl_generator_py/status_interfaces/_status_interfaces_s.ep.rosidl_typesupport_fastrtps_c.c.o\n'}
[3.610158] (status_interfaces) StdoutLine: {'line': b'[ 87%] Building C object CMakeFiles/status_interfaces__rosidl_typesupport_introspection_c__pyext.dir/rosidl_generator_py/status_interfaces/_status_interfaces_s.ep.rosidl_typesupport_introspection_c.c.o\n'}
[3.610351] (calculation_interfaces) StdoutLine: {'line': b'[ 87%] Building C object CMakeFiles/calculation_interfaces__rosidl_typesupport_fastrtps_c__pyext.dir/rosidl_generator_py/calculation_interfaces/_calculation_interfaces_s.ep.rosidl_typesupport_fastrtps_c.c.o\n'}
[3.610534] (calculation_interfaces) StdoutLine: {'line': b'[ 87%] Building C object CMakeFiles/calculation_interfaces__rosidl_typesupport_introspection_c__pyext.dir/rosidl_generator_py/calculation_interfaces/_calculation_interfaces_s.ep.rosidl_typesupport_introspection_c.c.o\n'}
[3.618129] (status_interfaces) StdoutLine: {'line': b'[ 90%] Building C object CMakeFiles/status_interfaces__rosidl_typesupport_c__pyext.dir/rosidl_generator_py/status_interfaces/_status_interfaces_s.ep.rosidl_typesupport_c.c.o\n'}
[3.619334] (calculation_interfaces) StdoutLine: {'line': b'[ 90%] Building C object CMakeFiles/calculation_interfaces__rosidl_typesupport_c__pyext.dir/rosidl_generator_py/calculation_interfaces/_calculation_interfaces_s.ep.rosidl_typesupport_c.c.o\n'}
[3.700245] (status_interfaces) StdoutLine: {'line': b'[ 96%] Linking C shared library rosidl_generator_py/status_interfaces/status_interfaces_s__rosidl_typesupport_fastrtps_c.cpython-310-x86_64-linux-gnu.so\n'}
[3.700487] (status_interfaces) StdoutLine: {'line': b'[ 96%] Linking C shared library rosidl_generator_py/status_interfaces/status_interfaces_s__rosidl_typesupport_introspection_c.cpython-310-x86_64-linux-gnu.so\n'}
[3.704913] (calculation_interfaces) StdoutLine: {'line': b'[ 93%] Linking C shared library rosidl_generator_py/calculation_interfaces/calculation_interfaces_s__rosidl_typesupport_fastrtps_c.cpython-310-x86_64-linux-gnu.so\n'}
[3.707716] (-) TimerEvent: {}
[3.736538] (calculation_interfaces) StdoutLine: {'line': b'[ 93%] Built target calculation_interfaces__rosidl_typesupport_fastrtps_c__pyext\n'}
[3.737591] (status_interfaces) StdoutLine: {'line': b'[ 96%] Built target status_interfaces__rosidl_typesupport_fastrtps_c__pyext\n'}
[3.738570] (status_interfaces) StdoutLine: {'line': b'[100%] Linking C shared library rosidl_generator_py/status_interfaces/status_interfaces_s__rosidl_typesupport_c.cpython-310-x86_64-linux-gnu.so\n'}
[3.742093] (calculation_interfaces) StdoutLine: {'line': b'[ 96%] Linking C shared library rosidl_generator_py/calculation_interfaces/calculation_interfaces_s__rosidl_typesupport_introspection_c.cpython-310-x86_64-linux-gnu.so\n'}
[3.743514] (status_interfaces) StdoutLine: {'line': b'[100%] Built target status_interfaces__rosidl_typesupport_introspection_c__pyext\n'}
[3.749846] (calculation_interfaces) StdoutLine: {'line': b'[100%] Linking C shared library rosidl_generator_py/calculation_interfaces/calculation_interfaces_s__rosidl_typesupport_c.cpython-310-x86_64-linux-gnu.so\n'}
[3.769993] (calculation_interfaces) StdoutLine: {'line': b'[100%] Built target calculation_interfaces__rosidl_typesupport_introspection_c__pyext\n'}
[3.777846] (calculation_interfaces) StdoutLine: {'line': b'[100%] Built target calculation_interfaces__rosidl_typesupport_c__pyext\n'}
[3.778461] (status_interfaces) StdoutLine: {'line': b'[100%] Built target status_interfaces__rosidl_typesupport_c__pyext\n'}
[3.788885] (calculation_interfaces) CommandEnded: {'returncode': 0}
[3.789585] (calculation_interfaces) JobProgress: {'identifier': 'calculation_interfaces', 'progress': 'install'}
[3.798269] (calculation_interfaces) Command: {'cmd': ['/usr/bin/cmake', '--install', '/home/cx/ros_using/robot_ws/build/calculation_interfaces'], 'cwd': '/home/cx/ros_using/robot_ws/build/calculation_interfaces', 'env': OrderedDict([('SHLVL', '0'), ('LD_LIBRARY_PATH', '/opt/ros/humble/opt/rviz_ogre_vendor/lib:/opt/ros/humble/lib/x86_64-linux-gnu:/opt/ros/humble/lib'), ('HOME', '/home/cx'), ('OLDPWD', '/home/cx/ros_using'), ('ROS_PYTHON_VERSION', '3'), ('LC_CTYPE', 'C.UTF-8'), ('ROS_DISTRO', 'humble'), ('_', '/usr/bin/colcon'), ('ROS_VERSION', '2'), ('ROS_LOCALHOST_ONLY', '0'), ('PATH', '/opt/ros/humble/bin:/home/cx/.local/bin:/usr/bin:/bin:/snap/bin'), ('AMENT_PREFIX_PATH', '/opt/ros/humble'), ('PWD', '/home/cx/ros_using/robot_ws/build/calculation_interfaces'), ('XDG_DATA_DIRS', '/usr/share/gnome:/usr/local/share:/usr/share:/var/lib/snapd/desktop'), ('PYTHONPATH', '/opt/ros/humble/lib/python3.10/site-packages:/opt/ros/humble/local/lib/python3.10/dist-packages'), ('COLCON', '1'), ('CMAKE_PREFIX_PATH', '/opt/ros/humble')]), 'shell': False}
[3.799134] (status_interfaces) CommandEnded: {'returncode': 0}
[3.799483] (status_interfaces) JobProgress: {'identifier': 'status_interfaces', 'progress': 'install'}
[3.799670] (status_interfaces) Command: {'cmd': ['/usr/bin/cmake', '--install', '/home/cx/ros_using/robot_ws/build/status_interfaces'], 'cwd': '/home/cx/ros_using/robot_ws/build/status_interfaces', 'env': OrderedDict([('SHLVL', '0'), ('LD_LIBRARY_PATH', '/opt/ros/humble/opt/rviz_ogre_vendor/lib:/opt/ros/humble/lib/x86_64-linux-gnu:/opt/ros/humble/lib'), ('HOME', '/home/cx'), ('OLDPWD', '/home/cx/ros_using'), ('ROS_PYTHON_VERSION', '3'), ('LC_CTYPE', 'C.UTF-8'), ('ROS_DISTRO', 'humble'), ('_', '/usr/bin/colcon'), ('ROS_VERSION', '2'), ('ROS_LOCALHOST_ONLY', '0'), ('PATH', '/opt/ros/humble/bin:/home/cx/.local/bin:/usr/bin:/bin:/snap/bin'), ('AMENT_PREFIX_PATH', '/opt/ros/humble'), ('PWD', '/home/cx/ros_using/robot_ws/build/status_interfaces'), ('XDG_DATA_DIRS', '/usr/share/gnome:/usr/local/share:/usr/share:/var/lib/snapd/desktop'), ('PYTHONPATH', '/opt/ros/humble/lib/python3.10/site-packages:/opt/ros/humble/local/lib/python3.10/dist-packages'), ('COLCON', '1'), ('CMAKE_PREFIX_PATH', '/opt/ros/humble')]), 'shell': False}
[3.806663] (status_interfaces) StdoutLine: {'line': b'-- Install configuration: ""\n'}
[3.806917] (status_interfaces) StdoutLine: {'line': b'-- Installing: /home/cx/ros_using/robot_ws/install/status_interfaces/share/ament_index/resource_index/rosidl_interfaces/status_interfaces\n'}
[3.806972] (status_interfaces) StdoutLine: {'line': b'-- Installing: /home/cx/ros_using/robot_ws/install/status_interfaces/include/status_interfaces/status_interfaces\n'}
[3.807106] (status_interfaces) StdoutLine: {'line': b'-- Installing: /home/cx/ros_using/robot_ws/install/status_interfaces/include/status_interfaces/status_interfaces/msg\n'}
[3.807157] (status_interfaces) StdoutLine: {'line': b'-- Installing: /home/cx/ros_using/robot_ws/install/status_interfaces/include/status_interfaces/status_interfaces/msg/student_info.h\n'}
[3.807198] (status_interfaces) StdoutLine: {'line': b'-- Installing: /home/cx/ros_using/robot_ws/install/status_interfaces/include/status_interfaces/status_interfaces/msg/detail\n'}
[3.807299] (status_interfaces) StdoutLine: {'line': b'-- Installing: /home/cx/ros_using/robot_ws/install/status_interfaces/include/status_interfaces/status_interfaces/msg/detail/student_info__functions.c\n'}
[3.807359] (status_interfaces) StdoutLine: {'line': b'-- Installing: /home/cx/ros_using/robot_ws/install/status_interfaces/include/status_interfaces/status_interfaces/msg/detail/student_info__struct.h\n'}
[3.807400] (status_interfaces) StdoutLine: {'line': b'-- Installing: /home/cx/ros_using/robot_ws/install/status_interfaces/include/status_interfaces/status_interfaces/msg/detail/student_info__type_support.h\n'}
[3.807442] (status_interfaces) StdoutLine: {'line': b'-- Installing: /home/cx/ros_using/robot_ws/install/status_interfaces/include/status_interfaces/status_interfaces/msg/detail/student_info__functions.h\n'}
[3.807537] (status_interfaces) StdoutLine: {'line': b'-- Installing: /home/cx/ros_using/robot_ws/install/status_interfaces/include/status_interfaces/status_interfaces/msg/rosidl_generator_c__visibility_control.h\n'}
[3.807576] (status_interfaces) StdoutLine: {'line': b'-- Installing: /home/cx/ros_using/robot_ws/install/status_interfaces/share/status_interfaces/environment/library_path.sh\n'}
[3.807615] (status_interfaces) StdoutLine: {'line': b'-- Installing: /home/cx/ros_using/robot_ws/install/status_interfaces/share/status_interfaces/environment/library_path.dsv\n'}
[3.807700] (status_interfaces) StdoutLine: {'line': b'-- Installing: /home/cx/ros_using/robot_ws/install/status_interfaces/lib/libstatus_interfaces__rosidl_generator_c.so\n'}
[3.807746] (-) TimerEvent: {}
[3.807846] (status_interfaces) StdoutLine: {'line': b'-- Set runtime path of "/home/cx/ros_using/robot_ws/install/status_interfaces/lib/libstatus_interfaces__rosidl_generator_c.so" to ""\n'}
[3.807933] (status_interfaces) StdoutLine: {'line': b'-- Up-to-date: /home/cx/ros_using/robot_ws/install/status_interfaces/include/status_interfaces/status_interfaces\n'}
[3.807975] (status_interfaces) StdoutLine: {'line': b'-- Up-to-date: /home/cx/ros_using/robot_ws/install/status_interfaces/include/status_interfaces/status_interfaces/msg\n'}
[3.808016] (status_interfaces) StdoutLine: {'line': b'-- Installing: /home/cx/ros_using/robot_ws/install/status_interfaces/include/status_interfaces/status_interfaces/msg/rosidl_typesupport_fastrtps_c__visibility_control.h\n'}
[3.808119] (status_interfaces) StdoutLine: {'line': b'-- Up-to-date: /home/cx/ros_using/robot_ws/install/status_interfaces/include/status_interfaces/status_interfaces/msg/detail\n'}
[3.808161] (status_interfaces) StdoutLine: {'line': b'-- Installing: /home/cx/ros_using/robot_ws/install/status_interfaces/include/status_interfaces/status_interfaces/msg/detail/student_info__rosidl_typesupport_fastrtps_c.h\n'}
[3.808202] (status_interfaces) StdoutLine: {'line': b'-- Installing: /home/cx/ros_using/robot_ws/install/status_interfaces/lib/libstatus_interfaces__rosidl_typesupport_fastrtps_c.so\n'}
[3.808239] (calculation_interfaces) StdoutLine: {'line': b'-- Install configuration: ""\n'}
[3.808722] (calculation_interfaces) StdoutLine: {'line': b'-- Installing: /home/cx/ros_using/robot_ws/install/calculation_interfaces/share/ament_index/resource_index/rosidl_interfaces/calculation_interfaces\n'}
[3.808771] (status_interfaces) StdoutLine: {'line': b'-- Set runtime path of "/home/cx/ros_using/robot_ws/install/status_interfaces/lib/libstatus_interfaces__rosidl_typesupport_fastrtps_c.so" to ""\n'}
[3.808813] (status_interfaces) StdoutLine: {'line': b'-- Up-to-date: /home/cx/ros_using/robot_ws/install/status_interfaces/include/status_interfaces/status_interfaces\n'}
[3.808853] (status_interfaces) StdoutLine: {'line': b'-- Up-to-date: /home/cx/ros_using/robot_ws/install/status_interfaces/include/status_interfaces/status_interfaces/msg\n'}
[3.808895] (status_interfaces) StdoutLine: {'line': b'-- Installing: /home/cx/ros_using/robot_ws/install/status_interfaces/include/status_interfaces/status_interfaces/msg/student_info.hpp\n'}
[3.808933] (status_interfaces) StdoutLine: {'line': b'-- Up-to-date: /home/cx/ros_using/robot_ws/install/status_interfaces/include/status_interfaces/status_interfaces/msg/detail\n'}
[3.808973] (status_interfaces) StdoutLine: {'line': b'-- Installing: /home/cx/ros_using/robot_ws/install/status_interfaces/include/status_interfaces/status_interfaces/msg/detail/student_info__traits.hpp\n'}
[3.809016] (status_interfaces) StdoutLine: {'line': b'-- Installing: /home/cx/ros_using/robot_ws/install/status_interfaces/include/status_interfaces/status_interfaces/msg/detail/student_info__builder.hpp\n'}
[3.809053] (calculation_interfaces) StdoutLine: {'line': b'-- Installing: /home/cx/ros_using/robot_ws/install/calculation_interfaces/include/calculation_interfaces/calculation_interfaces\n'}
[3.809091] (status_interfaces) StdoutLine: {'line': b'-- Installing: /home/cx/ros_using/robot_ws/install/status_interfaces/include/status_interfaces/status_interfaces/msg/detail/student_info__struct.hpp\n'}
[3.809127] (status_interfaces) StdoutLine: {'line': b'-- Installing: /home/cx/ros_using/robot_ws/install/status_interfaces/include/status_interfaces/status_interfaces/msg/detail/student_info__type_support.hpp\n'}
[3.809612] (status_interfaces) StdoutLine: {'line': b'-- Installing: /home/cx/ros_using/robot_ws/install/status_interfaces/include/status_interfaces/status_interfaces/msg/rosidl_generator_cpp__visibility_control.hpp\n'}
[3.809652] (calculation_interfaces) StdoutLine: {'line': b'-- Installing: /home/cx/ros_using/robot_ws/install/calculation_interfaces/include/calculation_interfaces/calculation_interfaces/msg\n'}
[3.809694] (calculation_interfaces) StdoutLine: {'line': b'-- Installing: /home/cx/ros_using/robot_ws/install/calculation_interfaces/include/calculation_interfaces/calculation_interfaces/msg/detail\n'}
[3.809822] (calculation_interfaces) StdoutLine: {'line': b'-- Installing: /home/cx/ros_using/robot_ws/install/calculation_interfaces/include/calculation_interfaces/calculation_interfaces/msg/detail/calculation_result__functions.c\n'}
[3.809869] (calculation_interfaces) StdoutLine: {'line': b'-- Installing: /home/cx/ros_using/robot_ws/install/calculation_interfaces/include/calculation_interfaces/calculation_interfaces/msg/detail/calculation_result__functions.h\n'}
[3.809915] (calculation_interfaces) StdoutLine: {'line': b'-- Installing: /home/cx/ros_using/robot_ws/install/calculation_interfaces/include/calculation_interfaces/calculation_interfaces/msg/detail/calculation_result__struct.h\n'}
[3.809959] (status_interfaces) StdoutLine: {'line': b'-- Up-to-date: /home/cx/ros_using/robot_ws/install/status_interfaces/include/status_interfaces/status_interfaces\n'}
[3.810005] (status_interfaces) StdoutLine: {'line': b'-- Up-to-date: /home/cx/ros_using/robot_ws/install/status_interfaces/include/status_interfaces/status_interfaces/msg\n'}
[3.810049] (status_interfaces) StdoutLine: {'line': b'-- Up-to-date: /home/cx/ros_using/robot_ws/install/status_interfaces/include/status_interfaces/status_interfaces/msg/detail\n'}
[3.810091] (status_interfaces) StdoutLine: {'line': b'-- Installing: /home/cx/ros_using/robot_ws/install/status_interfaces/include/status_interfaces/status_interfaces/msg/detail/dds_fastrtps\n'}
[3.810134] (status_interfaces) StdoutLine: {'line': b'-- Installing: /home/cx/ros_using/robot_ws/install/status_interfaces/include/status_interfaces/status_interfaces/msg/detail/student_info__rosidl_typesupport_fastrtps_cpp.hpp\n'}
[3.810299] (status_interfaces) StdoutLine: {'line': b'-- Installing: /home/cx/ros_using/robot_ws/install/status_interfaces/include/status_interfaces/status_interfaces/msg/rosidl_typesupport_fastrtps_cpp__visibility_control.h\n'}
[3.810341] (status_interfaces) StdoutLine: {'line': b'-- Installing: /home/cx/ros_using/robot_ws/install/status_interfaces/lib/libstatus_interfaces__rosidl_typesupport_fastrtps_cpp.so\n'}
[3.810386] (status_interfaces) StdoutLine: {'line': b'-- Set runtime path of "/home/cx/ros_using/robot_ws/install/status_interfaces/lib/libstatus_interfaces__rosidl_typesupport_fastrtps_cpp.so" to ""\n'}
[3.810428] (status_interfaces) StdoutLine: {'line': b'-- Up-to-date: /home/cx/ros_using/robot_ws/install/status_interfaces/include/status_interfaces/status_interfaces\n'}
[3.810470] (status_interfaces) StdoutLine: {'line': b'-- Up-to-date: /home/cx/ros_using/robot_ws/install/status_interfaces/include/status_interfaces/status_interfaces/msg\n'}
[3.810609] (status_interfaces) StdoutLine: {'line': b'-- Up-to-date: /home/cx/ros_using/robot_ws/install/status_interfaces/include/status_interfaces/status_interfaces/msg/detail\n'}
[3.810653] (status_interfaces) StdoutLine: {'line': b'-- Installing: /home/cx/ros_using/robot_ws/install/status_interfaces/include/status_interfaces/status_interfaces/msg/detail/student_info__type_support.c\n'}
[3.810703] (status_interfaces) StdoutLine: {'line': b'-- Installing: /home/cx/ros_using/robot_ws/install/status_interfaces/include/status_interfaces/status_interfaces/msg/detail/student_info__rosidl_typesupport_introspection_c.h\n'}
[3.810747] (calculation_interfaces) StdoutLine: {'line': b'-- Installing: /home/cx/ros_using/robot_ws/install/calculation_interfaces/include/calculation_interfaces/calculation_interfaces/msg/detail/calculation_result__type_support.h\n'}
[3.810794] (calculation_interfaces) StdoutLine: {'line': b'-- Installing: /home/cx/ros_using/robot_ws/install/calculation_interfaces/include/calculation_interfaces/calculation_interfaces/msg/calculation_result.h\n'}
[3.810838] (status_interfaces) StdoutLine: {'line': b'-- Installing: /home/cx/ros_using/robot_ws/install/status_interfaces/include/status_interfaces/status_interfaces/msg/rosidl_typesupport_introspection_c__visibility_control.h\n'}
[3.810881] (status_interfaces) StdoutLine: {'line': b'-- Installing: /home/cx/ros_using/robot_ws/install/status_interfaces/lib/libstatus_interfaces__rosidl_typesupport_introspection_c.so\n'}
[3.810922] (calculation_interfaces) StdoutLine: {'line': b'-- Installing: /home/cx/ros_using/robot_ws/install/calculation_interfaces/include/calculation_interfaces/calculation_interfaces/msg/rosidl_generator_c__visibility_control.h\n'}
[3.810964] (status_interfaces) StdoutLine: {'line': b'-- Set runtime path of "/home/cx/ros_using/robot_ws/install/status_interfaces/lib/libstatus_interfaces__rosidl_typesupport_introspection_c.so" to ""\n'}
[3.811158] (calculation_interfaces) StdoutLine: {'line': b'-- Installing: /home/cx/ros_using/robot_ws/install/calculation_interfaces/share/calculation_interfaces/environment/library_path.sh\n'}
[3.811204] (calculation_interfaces) StdoutLine: {'line': b'-- Installing: /home/cx/ros_using/robot_ws/install/calculation_interfaces/share/calculation_interfaces/environment/library_path.dsv\n'}
[3.811248] (calculation_interfaces) StdoutLine: {'line': b'-- Installing: /home/cx/ros_using/robot_ws/install/calculation_interfaces/lib/libcalculation_interfaces__rosidl_generator_c.so\n'}
[3.811291] (status_interfaces) StdoutLine: {'line': b'-- Installing: /home/cx/ros_using/robot_ws/install/status_interfaces/lib/libstatus_interfaces__rosidl_typesupport_c.so\n'}
[3.811334] (status_interfaces) StdoutLine: {'line': b'-- Set runtime path of "/home/cx/ros_using/robot_ws/install/status_interfaces/lib/libstatus_interfaces__rosidl_typesupport_c.so" to ""\n'}
[3.811376] (status_interfaces) StdoutLine: {'line': b'-- Up-to-date: /home/cx/ros_using/robot_ws/install/status_interfaces/include/status_interfaces/status_interfaces\n'}
[3.811417] (status_interfaces) StdoutLine: {'line': b'-- Up-to-date: /home/cx/ros_using/robot_ws/install/status_interfaces/include/status_interfaces/status_interfaces/msg\n'}
[3.811459] (status_interfaces) StdoutLine: {'line': b'-- Up-to-date: /home/cx/ros_using/robot_ws/install/status_interfaces/include/status_interfaces/status_interfaces/msg/detail\n'}
[3.811502] (status_interfaces) StdoutLine: {'line': b'-- Installing: /home/cx/ros_using/robot_ws/install/status_interfaces/include/status_interfaces/status_interfaces/msg/detail/student_info__rosidl_typesupport_introspection_cpp.hpp\n'}
[3.811544] (status_interfaces) StdoutLine: {'line': b'-- Installing: /home/cx/ros_using/robot_ws/install/status_interfaces/include/status_interfaces/status_interfaces/msg/detail/student_info__type_support.cpp\n'}
[3.811586] (status_interfaces) StdoutLine: {'line': b'-- Installing: /home/cx/ros_using/robot_ws/install/status_interfaces/lib/libstatus_interfaces__rosidl_typesupport_introspection_cpp.so\n'}
[3.811787] (calculation_interfaces) StdoutLine: {'line': b'-- Set runtime path of "/home/cx/ros_using/robot_ws/install/calculation_interfaces/lib/libcalculation_interfaces__rosidl_generator_c.so" to ""\n'}
[3.811839] (calculation_interfaces) StdoutLine: {'line': b'-- Up-to-date: /home/cx/ros_using/robot_ws/install/calculation_interfaces/include/calculation_interfaces/calculation_interfaces\n'}
[3.811896] (calculation_interfaces) StdoutLine: {'line': b'-- Up-to-date: /home/cx/ros_using/robot_ws/install/calculation_interfaces/include/calculation_interfaces/calculation_interfaces/msg\n'}
[3.811958] (calculation_interfaces) StdoutLine: {'line': b'-- Installing: /home/cx/ros_using/robot_ws/install/calculation_interfaces/include/calculation_interfaces/calculation_interfaces/msg/rosidl_typesupport_fastrtps_c__visibility_control.h\n'}
[3.812282] (calculation_interfaces) StdoutLine: {'line': b'-- Up-to-date: /home/cx/ros_using/robot_ws/install/calculation_interfaces/include/calculation_interfaces/calculation_interfaces/msg/detail\n'}
[3.812344] (calculation_interfaces) StdoutLine: {'line': b'-- Installing: /home/cx/ros_using/robot_ws/install/calculation_interfaces/include/calculation_interfaces/calculation_interfaces/msg/detail/calculation_result__rosidl_typesupport_fastrtps_c.h\n'}
[3.812402] (calculation_interfaces) StdoutLine: {'line': b'-- Installing: /home/cx/ros_using/robot_ws/install/calculation_interfaces/lib/libcalculation_interfaces__rosidl_typesupport_fastrtps_c.so\n'}
[3.812458] (calculation_interfaces) StdoutLine: {'line': b'-- Set runtime path of "/home/cx/ros_using/robot_ws/install/calculation_interfaces/lib/libcalculation_interfaces__rosidl_typesupport_fastrtps_c.so" to ""\n'}
[3.812514] (status_interfaces) StdoutLine: {'line': b'-- Set runtime path of "/home/cx/ros_using/robot_ws/install/status_interfaces/lib/libstatus_interfaces__rosidl_typesupport_introspection_cpp.so" to ""\n'}
[3.812573] (status_interfaces) StdoutLine: {'line': b'-- Installing: /home/cx/ros_using/robot_ws/install/status_interfaces/lib/libstatus_interfaces__rosidl_typesupport_cpp.so\n'}
[3.812632] (status_interfaces) StdoutLine: {'line': b'-- Set runtime path of "/home/cx/ros_using/robot_ws/install/status_interfaces/lib/libstatus_interfaces__rosidl_typesupport_cpp.so" to ""\n'}
[3.812698] (status_interfaces) StdoutLine: {'line': b'-- Installing: /home/cx/ros_using/robot_ws/install/status_interfaces/share/status_interfaces/environment/pythonpath.sh\n'}
[3.812761] (status_interfaces) StdoutLine: {'line': b'-- Installing: /home/cx/ros_using/robot_ws/install/status_interfaces/share/status_interfaces/environment/pythonpath.dsv\n'}
[3.812818] (calculation_interfaces) StdoutLine: {'line': b'-- Up-to-date: /home/cx/ros_using/robot_ws/install/calculation_interfaces/include/calculation_interfaces/calculation_interfaces\n'}
[3.812878] (calculation_interfaces) StdoutLine: {'line': b'-- Up-to-date: /home/cx/ros_using/robot_ws/install/calculation_interfaces/include/calculation_interfaces/calculation_interfaces/msg\n'}
[3.812933] (calculation_interfaces) StdoutLine: {'line': b'-- Up-to-date: /home/cx/ros_using/robot_ws/install/calculation_interfaces/include/calculation_interfaces/calculation_interfaces/msg/detail\n'}
[3.812990] (calculation_interfaces) StdoutLine: {'line': b'-- Installing: /home/cx/ros_using/robot_ws/install/calculation_interfaces/include/calculation_interfaces/calculation_interfaces/msg/detail/calculation_result__type_support.c\n'}
[3.813035] (status_interfaces) StdoutLine: {'line': b'-- Installing: /home/cx/ros_using/robot_ws/install/status_interfaces/local/lib/python3.10/dist-packages/status_interfaces-0.0.0-py3.10.egg-info\n'}
[3.813076] (calculation_interfaces) StdoutLine: {'line': b'-- Installing: /home/cx/ros_using/robot_ws/install/calculation_interfaces/include/calculation_interfaces/calculation_interfaces/msg/detail/calculation_result__rosidl_typesupport_introspection_c.h\n'}
[3.813121] (calculation_interfaces) StdoutLine: {'line': b'-- Installing: /home/cx/ros_using/robot_ws/install/calculation_interfaces/include/calculation_interfaces/calculation_interfaces/msg/rosidl_typesupport_introspection_c__visibility_control.h\n'}
[3.813309] (calculation_interfaces) StdoutLine: {'line': b'-- Installing: /home/cx/ros_using/robot_ws/install/calculation_interfaces/lib/libcalculation_interfaces__rosidl_typesupport_introspection_c.so\n'}
[3.813352] (calculation_interfaces) StdoutLine: {'line': b'-- Set runtime path of "/home/cx/ros_using/robot_ws/install/calculation_interfaces/lib/libcalculation_interfaces__rosidl_typesupport_introspection_c.so" to ""\n'}
[3.813393] (status_interfaces) StdoutLine: {'line': b'-- Installing: /home/cx/ros_using/robot_ws/install/status_interfaces/local/lib/python3.10/dist-packages/status_interfaces-0.0.0-py3.10.egg-info/SOURCES.txt\n'}
[3.813434] (status_interfaces) StdoutLine: {'line': b'-- Installing: /home/cx/ros_using/robot_ws/install/status_interfaces/local/lib/python3.10/dist-packages/status_interfaces-0.0.0-py3.10.egg-info/PKG-INFO\n'}
[3.813478] (status_interfaces) StdoutLine: {'line': b'-- Installing: /home/cx/ros_using/robot_ws/install/status_interfaces/local/lib/python3.10/dist-packages/status_interfaces-0.0.0-py3.10.egg-info/top_level.txt\n'}
[3.813518] (status_interfaces) StdoutLine: {'line': b'-- Installing: /home/cx/ros_using/robot_ws/install/status_interfaces/local/lib/python3.10/dist-packages/status_interfaces-0.0.0-py3.10.egg-info/dependency_links.txt\n'}
[3.813641] (status_interfaces) StdoutLine: {'line': b'-- Installing: /home/cx/ros_using/robot_ws/install/status_interfaces/local/lib/python3.10/dist-packages/status_interfaces\n'}
[3.813692] (status_interfaces) StdoutLine: {'line': b'-- Installing: /home/cx/ros_using/robot_ws/install/status_interfaces/local/lib/python3.10/dist-packages/status_interfaces/_status_interfaces_s.ep.rosidl_typesupport_c.c\n'}
[3.813776] (status_interfaces) StdoutLine: {'line': b'-- Installing: /home/cx/ros_using/robot_ws/install/status_interfaces/local/lib/python3.10/dist-packages/status_interfaces/msg\n'}
[3.813814] (status_interfaces) StdoutLine: {'line': b'-- Installing: /home/cx/ros_using/robot_ws/install/status_interfaces/local/lib/python3.10/dist-packages/status_interfaces/msg/_student_info.py\n'}
[3.813853] (calculation_interfaces) StdoutLine: {'line': b'-- Installing: /home/cx/ros_using/robot_ws/install/calculation_interfaces/lib/libcalculation_interfaces__rosidl_typesupport_c.so\n'}
[3.813895] (status_interfaces) StdoutLine: {'line': b'-- Installing: /home/cx/ros_using/robot_ws/install/status_interfaces/local/lib/python3.10/dist-packages/status_interfaces/msg/_student_info_s.c\n'}
[3.813937] (status_interfaces) StdoutLine: {'line': b'-- Installing: /home/cx/ros_using/robot_ws/install/status_interfaces/local/lib/python3.10/dist-packages/status_interfaces/msg/__init__.py\n'}
[3.813981] (status_interfaces) StdoutLine: {'line': b'-- Installing: /home/cx/ros_using/robot_ws/install/status_interfaces/local/lib/python3.10/dist-packages/status_interfaces/_status_interfaces_s.ep.rosidl_typesupport_introspection_c.c\n'}
[3.814028] (status_interfaces) StdoutLine: {'line': b'-- Installing: /home/cx/ros_using/robot_ws/install/status_interfaces/local/lib/python3.10/dist-packages/status_interfaces/status_interfaces_s__rosidl_typesupport_introspection_c.cpython-310-x86_64-linux-gnu.so\n'}
[3.814069] (status_interfaces) StdoutLine: {'line': b'-- Installing: /home/cx/ros_using/robot_ws/install/status_interfaces/local/lib/python3.10/dist-packages/status_interfaces/status_interfaces_s__rosidl_typesupport_c.cpython-310-x86_64-linux-gnu.so\n'}
[3.814152] (calculation_interfaces) StdoutLine: {'line': b'-- Set runtime path of "/home/cx/ros_using/robot_ws/install/calculation_interfaces/lib/libcalculation_interfaces__rosidl_typesupport_c.so" to ""\n'}
[3.814263] (status_interfaces) StdoutLine: {'line': b'-- Installing: /home/cx/ros_using/robot_ws/install/status_interfaces/local/lib/python3.10/dist-packages/status_interfaces/status_interfaces_s__rosidl_typesupport_fastrtps_c.cpython-310-x86_64-linux-gnu.so\n'}
[3.814352] (calculation_interfaces) StdoutLine: {'line': b'-- Up-to-date: /home/cx/ros_using/robot_ws/install/calculation_interfaces/include/calculation_interfaces/calculation_interfaces\n'}
[3.814398] (calculation_interfaces) StdoutLine: {'line': b'-- Up-to-date: /home/cx/ros_using/robot_ws/install/calculation_interfaces/include/calculation_interfaces/calculation_interfaces/msg\n'}
[3.814443] (status_interfaces) StdoutLine: {'line': b'-- Installing: /home/cx/ros_using/robot_ws/install/status_interfaces/local/lib/python3.10/dist-packages/status_interfaces/__init__.py\n'}
[3.814490] (calculation_interfaces) StdoutLine: {'line': b'-- Installing: /home/cx/ros_using/robot_ws/install/calculation_interfaces/include/calculation_interfaces/calculation_interfaces/msg/calculation_result.hpp\n'}
[3.814536] (status_interfaces) StdoutLine: {'line': b'-- Installing: /home/cx/ros_using/robot_ws/install/status_interfaces/local/lib/python3.10/dist-packages/status_interfaces/libstatus_interfaces__rosidl_generator_py.so\n'}
[3.814579] (status_interfaces) StdoutLine: {'line': b'-- Installing: /home/cx/ros_using/robot_ws/install/status_interfaces/local/lib/python3.10/dist-packages/status_interfaces/_status_interfaces_s.ep.rosidl_typesupport_fastrtps_c.c\n'}
[3.814622] (calculation_interfaces) StdoutLine: {'line': b'-- Up-to-date: /home/cx/ros_using/robot_ws/install/calculation_interfaces/include/calculation_interfaces/calculation_interfaces/msg/detail\n'}
[3.814663] (calculation_interfaces) StdoutLine: {'line': b'-- Installing: /home/cx/ros_using/robot_ws/install/calculation_interfaces/include/calculation_interfaces/calculation_interfaces/msg/detail/calculation_result__traits.hpp\n'}
[3.814714] (calculation_interfaces) StdoutLine: {'line': b'-- Installing: /home/cx/ros_using/robot_ws/install/calculation_interfaces/include/calculation_interfaces/calculation_interfaces/msg/detail/calculation_result__builder.hpp\n'}
[3.814760] (calculation_interfaces) StdoutLine: {'line': b'-- Installing: /home/cx/ros_using/robot_ws/install/calculation_interfaces/include/calculation_interfaces/calculation_interfaces/msg/detail/calculation_result__type_support.hpp\n'}
[3.814804] (calculation_interfaces) StdoutLine: {'line': b'-- Installing: /home/cx/ros_using/robot_ws/install/calculation_interfaces/include/calculation_interfaces/calculation_interfaces/msg/detail/calculation_result__struct.hpp\n'}
[3.814848] (calculation_interfaces) StdoutLine: {'line': b'-- Installing: /home/cx/ros_using/robot_ws/install/calculation_interfaces/include/calculation_interfaces/calculation_interfaces/msg/rosidl_generator_cpp__visibility_control.hpp\n'}
[3.814892] (calculation_interfaces) StdoutLine: {'line': b'-- Up-to-date: /home/cx/ros_using/robot_ws/install/calculation_interfaces/include/calculation_interfaces/calculation_interfaces\n'}
[3.814934] (calculation_interfaces) StdoutLine: {'line': b'-- Up-to-date: /home/cx/ros_using/robot_ws/install/calculation_interfaces/include/calculation_interfaces/calculation_interfaces/msg\n'}
[3.815085] (calculation_interfaces) StdoutLine: {'line': b'-- Up-to-date: /home/cx/ros_using/robot_ws/install/calculation_interfaces/include/calculation_interfaces/calculation_interfaces/msg/detail\n'}
[3.815126] (calculation_interfaces) StdoutLine: {'line': b'-- Installing: /home/cx/ros_using/robot_ws/install/calculation_interfaces/include/calculation_interfaces/calculation_interfaces/msg/detail/calculation_result__rosidl_typesupport_fastrtps_cpp.hpp\n'}
[3.815166] (calculation_interfaces) StdoutLine: {'line': b'-- Installing: /home/cx/ros_using/robot_ws/install/calculation_interfaces/include/calculation_interfaces/calculation_interfaces/msg/detail/dds_fastrtps\n'}
[3.815207] (calculation_interfaces) StdoutLine: {'line': b'-- Installing: /home/cx/ros_using/robot_ws/install/calculation_interfaces/include/calculation_interfaces/calculation_interfaces/msg/rosidl_typesupport_fastrtps_cpp__visibility_control.h\n'}
[3.815248] (calculation_interfaces) StdoutLine: {'line': b'-- Installing: /home/cx/ros_using/robot_ws/install/calculation_interfaces/lib/libcalculation_interfaces__rosidl_typesupport_fastrtps_cpp.so\n'}
[3.815338] (calculation_interfaces) StdoutLine: {'line': b'-- Set runtime path of "/home/cx/ros_using/robot_ws/install/calculation_interfaces/lib/libcalculation_interfaces__rosidl_typesupport_fastrtps_cpp.so" to ""\n'}
[3.815378] (calculation_interfaces) StdoutLine: {'line': b'-- Up-to-date: /home/cx/ros_using/robot_ws/install/calculation_interfaces/include/calculation_interfaces/calculation_interfaces\n'}
[3.815419] (calculation_interfaces) StdoutLine: {'line': b'-- Up-to-date: /home/cx/ros_using/robot_ws/install/calculation_interfaces/include/calculation_interfaces/calculation_interfaces/msg\n'}
[3.815460] (calculation_interfaces) StdoutLine: {'line': b'-- Up-to-date: /home/cx/ros_using/robot_ws/install/calculation_interfaces/include/calculation_interfaces/calculation_interfaces/msg/detail\n'}
[3.815499] (calculation_interfaces) StdoutLine: {'line': b'-- Installing: /home/cx/ros_using/robot_ws/install/calculation_interfaces/include/calculation_interfaces/calculation_interfaces/msg/detail/calculation_result__rosidl_typesupport_introspection_cpp.hpp\n'}
[3.815542] (calculation_interfaces) StdoutLine: {'line': b'-- Installing: /home/cx/ros_using/robot_ws/install/calculation_interfaces/include/calculation_interfaces/calculation_interfaces/msg/detail/calculation_result__type_support.cpp\n'}
[3.815581] (calculation_interfaces) StdoutLine: {'line': b'-- Installing: /home/cx/ros_using/robot_ws/install/calculation_interfaces/lib/libcalculation_interfaces__rosidl_typesupport_introspection_cpp.so\n'}
[3.815622] (calculation_interfaces) StdoutLine: {'line': b'-- Set runtime path of "/home/cx/ros_using/robot_ws/install/calculation_interfaces/lib/libcalculation_interfaces__rosidl_typesupport_introspection_cpp.so" to ""\n'}
[3.815664] (calculation_interfaces) StdoutLine: {'line': b'-- Installing: /home/cx/ros_using/robot_ws/install/calculation_interfaces/lib/libcalculation_interfaces__rosidl_typesupport_cpp.so\n'}
[3.815715] (calculation_interfaces) StdoutLine: {'line': b'-- Set runtime path of "/home/cx/ros_using/robot_ws/install/calculation_interfaces/lib/libcalculation_interfaces__rosidl_typesupport_cpp.so" to ""\n'}
[3.815814] (calculation_interfaces) StdoutLine: {'line': b'-- Installing: /home/cx/ros_using/robot_ws/install/calculation_interfaces/share/calculation_interfaces/environment/pythonpath.sh\n'}
[3.815866] (calculation_interfaces) StdoutLine: {'line': b'-- Installing: /home/cx/ros_using/robot_ws/install/calculation_interfaces/share/calculation_interfaces/environment/pythonpath.dsv\n'}
[3.815911] (calculation_interfaces) StdoutLine: {'line': b'-- Installing: /home/cx/ros_using/robot_ws/install/calculation_interfaces/local/lib/python3.10/dist-packages/calculation_interfaces-0.0.0-py3.10.egg-info\n'}
[3.815958] (calculation_interfaces) StdoutLine: {'line': b'-- Installing: /home/cx/ros_using/robot_ws/install/calculation_interfaces/local/lib/python3.10/dist-packages/calculation_interfaces-0.0.0-py3.10.egg-info/SOURCES.txt\n'}
[3.816006] (calculation_interfaces) StdoutLine: {'line': b'-- Installing: /home/cx/ros_using/robot_ws/install/calculation_interfaces/local/lib/python3.10/dist-packages/calculation_interfaces-0.0.0-py3.10.egg-info/PKG-INFO\n'}
[3.816047] (calculation_interfaces) StdoutLine: {'line': b'-- Installing: /home/cx/ros_using/robot_ws/install/calculation_interfaces/local/lib/python3.10/dist-packages/calculation_interfaces-0.0.0-py3.10.egg-info/top_level.txt\n'}
[3.816083] (calculation_interfaces) StdoutLine: {'line': b'-- Installing: /home/cx/ros_using/robot_ws/install/calculation_interfaces/local/lib/python3.10/dist-packages/calculation_interfaces-0.0.0-py3.10.egg-info/dependency_links.txt\n'}
[3.816119] (calculation_interfaces) StdoutLine: {'line': b'-- Installing: /home/cx/ros_using/robot_ws/install/calculation_interfaces/local/lib/python3.10/dist-packages/calculation_interfaces\n'}
[3.816152] (calculation_interfaces) StdoutLine: {'line': b'-- Installing: /home/cx/ros_using/robot_ws/install/calculation_interfaces/local/lib/python3.10/dist-packages/calculation_interfaces/calculation_interfaces_s__rosidl_typesupport_fastrtps_c.cpython-310-x86_64-linux-gnu.so\n'}
[3.816189] (calculation_interfaces) StdoutLine: {'line': b'-- Installing: /home/cx/ros_using/robot_ws/install/calculation_interfaces/local/lib/python3.10/dist-packages/calculation_interfaces/calculation_interfaces_s__rosidl_typesupport_c.cpython-310-x86_64-linux-gnu.so\n'}
[3.816223] (calculation_interfaces) StdoutLine: {'line': b'-- Installing: /home/cx/ros_using/robot_ws/install/calculation_interfaces/local/lib/python3.10/dist-packages/calculation_interfaces/calculation_interfaces_s__rosidl_typesupport_introspection_c.cpython-310-x86_64-linux-gnu.so\n'}
[3.816258] (calculation_interfaces) StdoutLine: {'line': b'-- Installing: /home/cx/ros_using/robot_ws/install/calculation_interfaces/local/lib/python3.10/dist-packages/calculation_interfaces/_calculation_interfaces_s.ep.rosidl_typesupport_introspection_c.c\n'}
[3.816291] (calculation_interfaces) StdoutLine: {'line': b'-- Installing: /home/cx/ros_using/robot_ws/install/calculation_interfaces/local/lib/python3.10/dist-packages/calculation_interfaces/_calculation_interfaces_s.ep.rosidl_typesupport_c.c\n'}
[3.816324] (calculation_interfaces) StdoutLine: {'line': b'-- Installing: /home/cx/ros_using/robot_ws/install/calculation_interfaces/local/lib/python3.10/dist-packages/calculation_interfaces/_calculation_interfaces_s.ep.rosidl_typesupport_fastrtps_c.c\n'}
[3.816372] (calculation_interfaces) StdoutLine: {'line': b'-- Installing: /home/cx/ros_using/robot_ws/install/calculation_interfaces/local/lib/python3.10/dist-packages/calculation_interfaces/msg\n'}
[3.816407] (calculation_interfaces) StdoutLine: {'line': b'-- Installing: /home/cx/ros_using/robot_ws/install/calculation_interfaces/local/lib/python3.10/dist-packages/calculation_interfaces/msg/_calculation_result.py\n'}
[3.816443] (calculation_interfaces) StdoutLine: {'line': b'-- Installing: /home/cx/ros_using/robot_ws/install/calculation_interfaces/local/lib/python3.10/dist-packages/calculation_interfaces/msg/_calculation_result_s.c\n'}
[3.816480] (calculation_interfaces) StdoutLine: {'line': b'-- Installing: /home/cx/ros_using/robot_ws/install/calculation_interfaces/local/lib/python3.10/dist-packages/calculation_interfaces/msg/__init__.py\n'}
[3.816515] (calculation_interfaces) StdoutLine: {'line': b'-- Installing: /home/cx/ros_using/robot_ws/install/calculation_interfaces/local/lib/python3.10/dist-packages/calculation_interfaces/__init__.py\n'}
[3.816552] (calculation_interfaces) StdoutLine: {'line': b'-- Installing: /home/cx/ros_using/robot_ws/install/calculation_interfaces/local/lib/python3.10/dist-packages/calculation_interfaces/libcalculation_interfaces__rosidl_generator_py.so\n'}
[3.843866] (status_interfaces) StdoutLine: {'line': b"Listing '/home/cx/ros_using/robot_ws/install/status_interfaces/local/lib/python3.10/dist-packages/status_interfaces'...\n"}
[3.844037] (status_interfaces) StdoutLine: {'line': b"Compiling '/home/cx/ros_using/robot_ws/install/status_interfaces/local/lib/python3.10/dist-packages/status_interfaces/__init__.py'...\n"}
[3.844087] (status_interfaces) StdoutLine: {'line': b"Listing '/home/cx/ros_using/robot_ws/install/status_interfaces/local/lib/python3.10/dist-packages/status_interfaces/msg'...\n"}
[3.844134] (status_interfaces) StdoutLine: {'line': b"Compiling '/home/cx/ros_using/robot_ws/install/status_interfaces/local/lib/python3.10/dist-packages/status_interfaces/msg/__init__.py'...\n"}
[3.844179] (status_interfaces) StdoutLine: {'line': b"Compiling '/home/cx/ros_using/robot_ws/install/status_interfaces/local/lib/python3.10/dist-packages/status_interfaces/msg/_student_info.py'...\n"}
[3.844446] (calculation_interfaces) StdoutLine: {'line': b"Listing '/home/cx/ros_using/robot_ws/install/calculation_interfaces/local/lib/python3.10/dist-packages/calculation_interfaces'...\n"}
[3.844545] (calculation_interfaces) StdoutLine: {'line': b"Compiling '/home/cx/ros_using/robot_ws/install/calculation_interfaces/local/lib/python3.10/dist-packages/calculation_interfaces/__init__.py'...\n"}
[3.844596] (calculation_interfaces) StdoutLine: {'line': b"Listing '/home/cx/ros_using/robot_ws/install/calculation_interfaces/local/lib/python3.10/dist-packages/calculation_interfaces/msg'...\n"}
[3.844632] (calculation_interfaces) StdoutLine: {'line': b"Compiling '/home/cx/ros_using/robot_ws/install/calculation_interfaces/local/lib/python3.10/dist-packages/calculation_interfaces/msg/__init__.py'...\n"}
[3.844669] (calculation_interfaces) StdoutLine: {'line': b"Compiling '/home/cx/ros_using/robot_ws/install/calculation_interfaces/local/lib/python3.10/dist-packages/calculation_interfaces/msg/_calculation_result.py'...\n"}
[3.848108] (status_interfaces) StdoutLine: {'line': b'-- Installing: /home/cx/ros_using/robot_ws/install/status_interfaces/local/lib/python3.10/dist-packages/status_interfaces/status_interfaces_s__rosidl_typesupport_fastrtps_c.cpython-310-x86_64-linux-gnu.so\n'}
[3.848416] (status_interfaces) StdoutLine: {'line': b'-- Set runtime path of "/home/cx/ros_using/robot_ws/install/status_interfaces/local/lib/python3.10/dist-packages/status_interfaces/status_interfaces_s__rosidl_typesupport_fastrtps_c.cpython-310-x86_64-linux-gnu.so" to ""\n'}
[3.848592] (calculation_interfaces) StdoutLine: {'line': b'-- Installing: /home/cx/ros_using/robot_ws/install/calculation_interfaces/local/lib/python3.10/dist-packages/calculation_interfaces/calculation_interfaces_s__rosidl_typesupport_fastrtps_c.cpython-310-x86_64-linux-gnu.so\n'}
[3.848765] (status_interfaces) StdoutLine: {'line': b'-- Installing: /home/cx/ros_using/robot_ws/install/status_interfaces/local/lib/python3.10/dist-packages/status_interfaces/status_interfaces_s__rosidl_typesupport_introspection_c.cpython-310-x86_64-linux-gnu.so\n'}
[3.849037] (calculation_interfaces) StdoutLine: {'line': b'-- Set runtime path of "/home/cx/ros_using/robot_ws/install/calculation_interfaces/local/lib/python3.10/dist-packages/calculation_interfaces/calculation_interfaces_s__rosidl_typesupport_fastrtps_c.cpython-310-x86_64-linux-gnu.so" to ""\n'}
[3.849271] (status_interfaces) StdoutLine: {'line': b'-- Set runtime path of "/home/cx/ros_using/robot_ws/install/status_interfaces/local/lib/python3.10/dist-packages/status_interfaces/status_interfaces_s__rosidl_typesupport_introspection_c.cpython-310-x86_64-linux-gnu.so" to ""\n'}
[3.849490] (calculation_interfaces) StdoutLine: {'line': b'-- Installing: /home/cx/ros_using/robot_ws/install/calculation_interfaces/local/lib/python3.10/dist-packages/calculation_interfaces/calculation_interfaces_s__rosidl_typesupport_introspection_c.cpython-310-x86_64-linux-gnu.so\n'}
[3.850704] (status_interfaces) StdoutLine: {'line': b'-- Installing: /home/cx/ros_using/robot_ws/install/status_interfaces/local/lib/python3.10/dist-packages/status_interfaces/status_interfaces_s__rosidl_typesupport_c.cpython-310-x86_64-linux-gnu.so\n'}
[3.853020] (calculation_interfaces) StdoutLine: {'line': b'-- Set runtime path of "/home/cx/ros_using/robot_ws/install/calculation_interfaces/local/lib/python3.10/dist-packages/calculation_interfaces/calculation_interfaces_s__rosidl_typesupport_introspection_c.cpython-310-x86_64-linux-gnu.so" to ""\n'}
[3.853196] (status_interfaces) StdoutLine: {'line': b'-- Set runtime path of "/home/cx/ros_using/robot_ws/install/status_interfaces/local/lib/python3.10/dist-packages/status_interfaces/status_interfaces_s__rosidl_typesupport_c.cpython-310-x86_64-linux-gnu.so" to ""\n'}
[3.853298] (status_interfaces) StdoutLine: {'line': b'-- Installing: /home/cx/ros_using/robot_ws/install/status_interfaces/lib/libstatus_interfaces__rosidl_generator_py.so\n'}
[3.853379] (calculation_interfaces) StdoutLine: {'line': b'-- Installing: /home/cx/ros_using/robot_ws/install/calculation_interfaces/local/lib/python3.10/dist-packages/calculation_interfaces/calculation_interfaces_s__rosidl_typesupport_c.cpython-310-x86_64-linux-gnu.so\n'}
[3.853466] (status_interfaces) StdoutLine: {'line': b'-- Set runtime path of "/home/cx/ros_using/robot_ws/install/status_interfaces/lib/libstatus_interfaces__rosidl_generator_py.so" to ""\n'}
[3.853548] (calculation_interfaces) StdoutLine: {'line': b'-- Set runtime path of "/home/cx/ros_using/robot_ws/install/calculation_interfaces/local/lib/python3.10/dist-packages/calculation_interfaces/calculation_interfaces_s__rosidl_typesupport_c.cpython-310-x86_64-linux-gnu.so" to ""\n'}
[3.853646] (calculation_interfaces) StdoutLine: {'line': b'-- Installing: /home/cx/ros_using/robot_ws/install/calculation_interfaces/lib/libcalculation_interfaces__rosidl_generator_py.so\n'}
[3.853753] (status_interfaces) StdoutLine: {'line': b'-- Installing: /home/cx/ros_using/robot_ws/install/status_interfaces/share/ament_index/resource_index/rust_packages/status_interfaces\n'}
[3.853853] (status_interfaces) StdoutLine: {'line': b'-- Installing: /home/cx/ros_using/robot_ws/install/status_interfaces/share/status_interfaces/rust\n'}
[3.853932] (status_interfaces) StdoutLine: {'line': b'-- Installing: /home/cx/ros_using/robot_ws/install/status_interfaces/share/status_interfaces/rust/build.rs\n'}
[3.854018] (status_interfaces) StdoutLine: {'line': b'-- Installing: /home/cx/ros_using/robot_ws/install/status_interfaces/share/status_interfaces/rust/src\n'}
[3.854216] (status_interfaces) StdoutLine: {'line': b'-- Installing: /home/cx/ros_using/robot_ws/install/status_interfaces/share/status_interfaces/rust/src/lib.rs\n'}
[3.854309] (calculation_interfaces) StdoutLine: {'line': b'-- Set runtime path of "/home/cx/ros_using/robot_ws/install/calculation_interfaces/lib/libcalculation_interfaces__rosidl_generator_py.so" to ""\n'}
[3.854398] (status_interfaces) StdoutLine: {'line': b'-- Installing: /home/cx/ros_using/robot_ws/install/status_interfaces/share/status_interfaces/rust/src/msg\n'}
[3.854489] (calculation_interfaces) StdoutLine: {'line': b'-- Installing: /home/cx/ros_using/robot_ws/install/calculation_interfaces/share/ament_index/resource_index/rust_packages/calculation_interfaces\n'}
[3.854581] (status_interfaces) StdoutLine: {'line': b'-- Installing: /home/cx/ros_using/robot_ws/install/status_interfaces/share/status_interfaces/rust/src/msg/rmw.rs\n'}
[3.854671] (status_interfaces) StdoutLine: {'line': b'-- Installing: /home/cx/ros_using/robot_ws/install/status_interfaces/share/status_interfaces/rust/src/msg.rs\n'}
[3.855003] (calculation_interfaces) StdoutLine: {'line': b'-- Installing: /home/cx/ros_using/robot_ws/install/calculation_interfaces/share/calculation_interfaces/rust\n'}
[3.855544] (calculation_interfaces) StdoutLine: {'line': b'-- Installing: /home/cx/ros_using/robot_ws/install/calculation_interfaces/share/calculation_interfaces/rust/build.rs\n'}
[3.855624] (status_interfaces) StdoutLine: {'line': b'-- Installing: /home/cx/ros_using/robot_ws/install/status_interfaces/share/status_interfaces/rust/Cargo.toml\n'}
[3.855809] (calculation_interfaces) StdoutLine: {'line': b'-- Installing: /home/cx/ros_using/robot_ws/install/calculation_interfaces/share/calculation_interfaces/rust/src\n'}
[3.856109] (calculation_interfaces) StdoutLine: {'line': b'-- Installing: /home/cx/ros_using/robot_ws/install/calculation_interfaces/share/calculation_interfaces/rust/src/lib.rs\n'}
[3.856400] (status_interfaces) StdoutLine: {'line': b'-- Installing: /home/cx/ros_using/robot_ws/install/status_interfaces/share/status_interfaces/msg/StudentInfo.idl\n'}
[3.856481] (status_interfaces) StdoutLine: {'line': b'-- Installing: /home/cx/ros_using/robot_ws/install/status_interfaces/share/status_interfaces/msg/StudentInfo.msg\n'}
[3.856555] (calculation_interfaces) StdoutLine: {'line': b'-- Installing: /home/cx/ros_using/robot_ws/install/calculation_interfaces/share/calculation_interfaces/rust/src/msg\n'}
[3.856673] (calculation_interfaces) StdoutLine: {'line': b'-- Installing: /home/cx/ros_using/robot_ws/install/calculation_interfaces/share/calculation_interfaces/rust/src/msg/rmw.rs\n'}
[3.856786] (calculation_interfaces) StdoutLine: {'line': b'-- Installing: /home/cx/ros_using/robot_ws/install/calculation_interfaces/share/calculation_interfaces/rust/src/msg.rs\n'}
[3.856884] (status_interfaces) StdoutLine: {'line': b'-- Installing: /home/cx/ros_using/robot_ws/install/status_interfaces/share/ament_index/resource_index/package_run_dependencies/status_interfaces\n'}
[3.857053] (calculation_interfaces) StdoutLine: {'line': b'-- Installing: /home/cx/ros_using/robot_ws/install/calculation_interfaces/share/calculation_interfaces/rust/Cargo.toml\n'}
[3.857145] (status_interfaces) StdoutLine: {'line': b'-- Installing: /home/cx/ros_using/robot_ws/install/status_interfaces/share/ament_index/resource_index/parent_prefix_path/status_interfaces\n'}
[3.857222] (status_interfaces) StdoutLine: {'line': b'-- Installing: /home/cx/ros_using/robot_ws/install/status_interfaces/share/status_interfaces/environment/ament_prefix_path.sh\n'}
[3.857302] (calculation_interfaces) StdoutLine: {'line': b'-- Installing: /home/cx/ros_using/robot_ws/install/calculation_interfaces/share/calculation_interfaces/msg/CalculationResult.idl\n'}
[3.857569] (calculation_interfaces) StdoutLine: {'line': b'-- Installing: /home/cx/ros_using/robot_ws/install/calculation_interfaces/share/calculation_interfaces/msg/CalculationResult.msg\n'}
[3.857645] (status_interfaces) StdoutLine: {'line': b'-- Installing: /home/cx/ros_using/robot_ws/install/status_interfaces/share/status_interfaces/environment/ament_prefix_path.dsv\n'}
[3.857873] (calculation_interfaces) StdoutLine: {'line': b'-- Installing: /home/cx/ros_using/robot_ws/install/calculation_interfaces/share/ament_index/resource_index/package_run_dependencies/calculation_interfaces\n'}
[3.858030] (status_interfaces) StdoutLine: {'line': b'-- Installing: /home/cx/ros_using/robot_ws/install/status_interfaces/share/status_interfaces/environment/path.sh\n'}
[3.858077] (calculation_interfaces) StdoutLine: {'line': b'-- Installing: /home/cx/ros_using/robot_ws/install/calculation_interfaces/share/ament_index/resource_index/parent_prefix_path/calculation_interfaces\n'}
[3.858119] (status_interfaces) StdoutLine: {'line': b'-- Installing: /home/cx/ros_using/robot_ws/install/status_interfaces/share/status_interfaces/environment/path.dsv\n'}
[3.858154] (calculation_interfaces) StdoutLine: {'line': b'-- Installing: /home/cx/ros_using/robot_ws/install/calculation_interfaces/share/calculation_interfaces/environment/ament_prefix_path.sh\n'}
[3.858187] (status_interfaces) StdoutLine: {'line': b'-- Installing: /home/cx/ros_using/robot_ws/install/status_interfaces/share/status_interfaces/local_setup.bash\n'}
[3.858219] (status_interfaces) StdoutLine: {'line': b'-- Installing: /home/cx/ros_using/robot_ws/install/status_interfaces/share/status_interfaces/local_setup.sh\n'}
[3.858251] (calculation_interfaces) StdoutLine: {'line': b'-- Installing: /home/cx/ros_using/robot_ws/install/calculation_interfaces/share/calculation_interfaces/environment/ament_prefix_path.dsv\n'}
[3.858283] (calculation_interfaces) StdoutLine: {'line': b'-- Installing: /home/cx/ros_using/robot_ws/install/calculation_interfaces/share/calculation_interfaces/environment/path.sh\n'}
[3.858316] (calculation_interfaces) StdoutLine: {'line': b'-- Installing: /home/cx/ros_using/robot_ws/install/calculation_interfaces/share/calculation_interfaces/environment/path.dsv\n'}
[3.858348] (status_interfaces) StdoutLine: {'line': b'-- Installing: /home/cx/ros_using/robot_ws/install/status_interfaces/share/status_interfaces/local_setup.zsh\n'}
[3.858379] (status_interfaces) StdoutLine: {'line': b'-- Installing: /home/cx/ros_using/robot_ws/install/status_interfaces/share/status_interfaces/local_setup.dsv\n'}
[3.858410] (calculation_interfaces) StdoutLine: {'line': b'-- Installing: /home/cx/ros_using/robot_ws/install/calculation_interfaces/share/calculation_interfaces/local_setup.bash\n'}
[3.858442] (status_interfaces) StdoutLine: {'line': b'-- Installing: /home/cx/ros_using/robot_ws/install/status_interfaces/share/status_interfaces/package.dsv\n'}
[3.858473] (calculation_interfaces) StdoutLine: {'line': b'-- Installing: /home/cx/ros_using/robot_ws/install/calculation_interfaces/share/calculation_interfaces/local_setup.sh\n'}
[3.858505] (status_interfaces) StdoutLine: {'line': b'-- Installing: /home/cx/ros_using/robot_ws/install/status_interfaces/share/ament_index/resource_index/packages/status_interfaces\n'}
[3.858568] (calculation_interfaces) StdoutLine: {'line': b'-- Installing: /home/cx/ros_using/robot_ws/install/calculation_interfaces/share/calculation_interfaces/local_setup.zsh\n'}
[3.858649] (calculation_interfaces) StdoutLine: {'line': b'-- Installing: /home/cx/ros_using/robot_ws/install/calculation_interfaces/share/calculation_interfaces/local_setup.dsv\n'}
[3.858704] (status_interfaces) StdoutLine: {'line': b'-- Installing: /home/cx/ros_using/robot_ws/install/status_interfaces/share/status_interfaces/cmake/export_status_interfaces__rosidl_generator_cExport.cmake\n'}
[3.858750] (calculation_interfaces) StdoutLine: {'line': b'-- Installing: /home/cx/ros_using/robot_ws/install/calculation_interfaces/share/calculation_interfaces/package.dsv\n'}
[3.858791] (status_interfaces) StdoutLine: {'line': b'-- Installing: /home/cx/ros_using/robot_ws/install/status_interfaces/share/status_interfaces/cmake/export_status_interfaces__rosidl_generator_cExport-noconfig.cmake\n'}
[3.858831] (status_interfaces) StdoutLine: {'line': b'-- Installing: /home/cx/ros_using/robot_ws/install/status_interfaces/share/status_interfaces/cmake/export_status_interfaces__rosidl_typesupport_fastrtps_cExport.cmake\n'}
[3.858867] (calculation_interfaces) StdoutLine: {'line': b'-- Installing: /home/cx/ros_using/robot_ws/install/calculation_interfaces/share/ament_index/resource_index/packages/calculation_interfaces\n'}
[3.858904] (status_interfaces) StdoutLine: {'line': b'-- Installing: /home/cx/ros_using/robot_ws/install/status_interfaces/share/status_interfaces/cmake/export_status_interfaces__rosidl_typesupport_fastrtps_cExport-noconfig.cmake\n'}
[3.858942] (calculation_interfaces) StdoutLine: {'line': b'-- Installing: /home/cx/ros_using/robot_ws/install/calculation_interfaces/share/calculation_interfaces/cmake/export_calculation_interfaces__rosidl_generator_cExport.cmake\n'}
[3.858980] (status_interfaces) StdoutLine: {'line': b'-- Installing: /home/cx/ros_using/robot_ws/install/status_interfaces/share/status_interfaces/cmake/export_status_interfaces__rosidl_generator_cppExport.cmake\n'}
[3.859018] (calculation_interfaces) StdoutLine: {'line': b'-- Installing: /home/cx/ros_using/robot_ws/install/calculation_interfaces/share/calculation_interfaces/cmake/export_calculation_interfaces__rosidl_generator_cExport-noconfig.cmake\n'}
[3.859053] (status_interfaces) StdoutLine: {'line': b'-- Installing: /home/cx/ros_using/robot_ws/install/status_interfaces/share/status_interfaces/cmake/export_status_interfaces__rosidl_typesupport_fastrtps_cppExport.cmake\n'}
[3.859089] (calculation_interfaces) StdoutLine: {'line': b'-- Installing: /home/cx/ros_using/robot_ws/install/calculation_interfaces/share/calculation_interfaces/cmake/export_calculation_interfaces__rosidl_typesupport_fastrtps_cExport.cmake\n'}
[3.859125] (status_interfaces) StdoutLine: {'line': b'-- Installing: /home/cx/ros_using/robot_ws/install/status_interfaces/share/status_interfaces/cmake/export_status_interfaces__rosidl_typesupport_fastrtps_cppExport-noconfig.cmake\n'}
[3.859205] (calculation_interfaces) StdoutLine: {'line': b'-- Installing: /home/cx/ros_using/robot_ws/install/calculation_interfaces/share/calculation_interfaces/cmake/export_calculation_interfaces__rosidl_typesupport_fastrtps_cExport-noconfig.cmake\n'}
[3.859283] (status_interfaces) StdoutLine: {'line': b'-- Installing: /home/cx/ros_using/robot_ws/install/status_interfaces/share/status_interfaces/cmake/status_interfaces__rosidl_typesupport_introspection_cExport.cmake\n'}
[3.859319] (calculation_interfaces) StdoutLine: {'line': b'-- Installing: /home/cx/ros_using/robot_ws/install/calculation_interfaces/share/calculation_interfaces/cmake/calculation_interfaces__rosidl_typesupport_introspection_cExport.cmake\n'}
[3.859354] (status_interfaces) StdoutLine: {'line': b'-- Installing: /home/cx/ros_using/robot_ws/install/status_interfaces/share/status_interfaces/cmake/status_interfaces__rosidl_typesupport_introspection_cExport-noconfig.cmake\n'}
[3.859388] (calculation_interfaces) StdoutLine: {'line': b'-- Installing: /home/cx/ros_using/robot_ws/install/calculation_interfaces/share/calculation_interfaces/cmake/calculation_interfaces__rosidl_typesupport_introspection_cExport-noconfig.cmake\n'}
[3.859423] (status_interfaces) StdoutLine: {'line': b'-- Installing: /home/cx/ros_using/robot_ws/install/status_interfaces/share/status_interfaces/cmake/status_interfaces__rosidl_typesupport_cExport.cmake\n'}
[3.859454] (calculation_interfaces) StdoutLine: {'line': b'-- Installing: /home/cx/ros_using/robot_ws/install/calculation_interfaces/share/calculation_interfaces/cmake/calculation_interfaces__rosidl_typesupport_cExport.cmake\n'}
[3.859486] (status_interfaces) StdoutLine: {'line': b'-- Installing: /home/cx/ros_using/robot_ws/install/status_interfaces/share/status_interfaces/cmake/status_interfaces__rosidl_typesupport_cExport-noconfig.cmake\n'}
[3.859518] (calculation_interfaces) StdoutLine: {'line': b'-- Installing: /home/cx/ros_using/robot_ws/install/calculation_interfaces/share/calculation_interfaces/cmake/calculation_interfaces__rosidl_typesupport_cExport-noconfig.cmake\n'}
[3.859549] (status_interfaces) StdoutLine: {'line': b'-- Installing: /home/cx/ros_using/robot_ws/install/status_interfaces/share/status_interfaces/cmake/status_interfaces__rosidl_typesupport_introspection_cppExport.cmake\n'}
[3.859581] (calculation_interfaces) StdoutLine: {'line': b'-- Installing: /home/cx/ros_using/robot_ws/install/calculation_interfaces/share/calculation_interfaces/cmake/export_calculation_interfaces__rosidl_generator_cppExport.cmake\n'}
[3.859613] (status_interfaces) StdoutLine: {'line': b'-- Installing: /home/cx/ros_using/robot_ws/install/status_interfaces/share/status_interfaces/cmake/status_interfaces__rosidl_typesupport_introspection_cppExport-noconfig.cmake\n'}
[3.859652] (status_interfaces) StdoutLine: {'line': b'-- Installing: /home/cx/ros_using/robot_ws/install/status_interfaces/share/status_interfaces/cmake/status_interfaces__rosidl_typesupport_cppExport.cmake\n'}
[3.859689] (calculation_interfaces) StdoutLine: {'line': b'-- Installing: /home/cx/ros_using/robot_ws/install/calculation_interfaces/share/calculation_interfaces/cmake/export_calculation_interfaces__rosidl_typesupport_fastrtps_cppExport.cmake\n'}
[3.859728] (calculation_interfaces) StdoutLine: {'line': b'-- Installing: /home/cx/ros_using/robot_ws/install/calculation_interfaces/share/calculation_interfaces/cmake/export_calculation_interfaces__rosidl_typesupport_fastrtps_cppExport-noconfig.cmake\n'}
[3.859770] (status_interfaces) StdoutLine: {'line': b'-- Installing: /home/cx/ros_using/robot_ws/install/status_interfaces/share/status_interfaces/cmake/status_interfaces__rosidl_typesupport_cppExport-noconfig.cmake\n'}
[3.859814] (calculation_interfaces) StdoutLine: {'line': b'-- Installing: /home/cx/ros_using/robot_ws/install/calculation_interfaces/share/calculation_interfaces/cmake/calculation_interfaces__rosidl_typesupport_introspection_cppExport.cmake\n'}
[3.859855] (status_interfaces) StdoutLine: {'line': b'-- Installing: /home/cx/ros_using/robot_ws/install/status_interfaces/share/status_interfaces/cmake/export_status_interfaces__rosidl_generator_pyExport.cmake\n'}
[3.859895] (calculation_interfaces) StdoutLine: {'line': b'-- Installing: /home/cx/ros_using/robot_ws/install/calculation_interfaces/share/calculation_interfaces/cmake/calculation_interfaces__rosidl_typesupport_introspection_cppExport-noconfig.cmake\n'}
[3.859937] (status_interfaces) StdoutLine: {'line': b'-- Installing: /home/cx/ros_using/robot_ws/install/status_interfaces/share/status_interfaces/cmake/export_status_interfaces__rosidl_generator_pyExport-noconfig.cmake\n'}
[3.859979] (calculation_interfaces) StdoutLine: {'line': b'-- Installing: /home/cx/ros_using/robot_ws/install/calculation_interfaces/share/calculation_interfaces/cmake/calculation_interfaces__rosidl_typesupport_cppExport.cmake\n'}
[3.860021] (status_interfaces) StdoutLine: {'line': b'-- Installing: /home/cx/ros_using/robot_ws/install/status_interfaces/share/status_interfaces/cmake/rosidl_cmake-extras.cmake\n'}
[3.860056] (calculation_interfaces) StdoutLine: {'line': b'-- Installing: /home/cx/ros_using/robot_ws/install/calculation_interfaces/share/calculation_interfaces/cmake/calculation_interfaces__rosidl_typesupport_cppExport-noconfig.cmake\n'}
[3.860090] (status_interfaces) StdoutLine: {'line': b'-- Installing: /home/cx/ros_using/robot_ws/install/status_interfaces/share/status_interfaces/cmake/ament_cmake_export_dependencies-extras.cmake\n'}
[3.860121] (calculation_interfaces) StdoutLine: {'line': b'-- Installing: /home/cx/ros_using/robot_ws/install/calculation_interfaces/share/calculation_interfaces/cmake/export_calculation_interfaces__rosidl_generator_pyExport.cmake\n'}
[3.860152] (status_interfaces) StdoutLine: {'line': b'-- Installing: /home/cx/ros_using/robot_ws/install/status_interfaces/share/status_interfaces/cmake/ament_cmake_export_include_directories-extras.cmake\n'}
[3.860183] (status_interfaces) StdoutLine: {'line': b'-- Installing: /home/cx/ros_using/robot_ws/install/status_interfaces/share/status_interfaces/cmake/ament_cmake_export_libraries-extras.cmake\n'}
[3.860213] (calculation_interfaces) StdoutLine: {'line': b'-- Installing: /home/cx/ros_using/robot_ws/install/calculation_interfaces/share/calculation_interfaces/cmake/export_calculation_interfaces__rosidl_generator_pyExport-noconfig.cmake\n'}
[3.860243] (calculation_interfaces) StdoutLine: {'line': b'-- Installing: /home/cx/ros_using/robot_ws/install/calculation_interfaces/share/calculation_interfaces/cmake/rosidl_cmake-extras.cmake\n'}
[3.860273] (status_interfaces) StdoutLine: {'line': b'-- Installing: /home/cx/ros_using/robot_ws/install/status_interfaces/share/status_interfaces/cmake/ament_cmake_export_targets-extras.cmake\n'}
[3.860304] (calculation_interfaces) StdoutLine: {'line': b'-- Installing: /home/cx/ros_using/robot_ws/install/calculation_interfaces/share/calculation_interfaces/cmake/ament_cmake_export_include_directories-extras.cmake\n'}
[3.860334] (status_interfaces) StdoutLine: {'line': b'-- Installing: /home/cx/ros_using/robot_ws/install/status_interfaces/share/status_interfaces/cmake/rosidl_cmake_export_typesupport_targets-extras.cmake\n'}
[3.860365] (calculation_interfaces) StdoutLine: {'line': b'-- Installing: /home/cx/ros_using/robot_ws/install/calculation_interfaces/share/calculation_interfaces/cmake/ament_cmake_export_libraries-extras.cmake\n'}
[3.860397] (status_interfaces) StdoutLine: {'line': b'-- Installing: /home/cx/ros_using/robot_ws/install/status_interfaces/share/status_interfaces/cmake/rosidl_cmake_export_typesupport_libraries-extras.cmake\n'}
[3.860427] (status_interfaces) StdoutLine: {'line': b'-- Installing: /home/cx/ros_using/robot_ws/install/status_interfaces/share/status_interfaces/cmake/rosidl_cmake_aggregate_target-extras.cmake\n'}
[3.860458] (calculation_interfaces) StdoutLine: {'line': b'-- Installing: /home/cx/ros_using/robot_ws/install/calculation_interfaces/share/calculation_interfaces/cmake/ament_cmake_export_targets-extras.cmake\n'}
[3.860576] (calculation_interfaces) StdoutLine: {'line': b'-- Installing: /home/cx/ros_using/robot_ws/install/calculation_interfaces/share/calculation_interfaces/cmake/rosidl_cmake_export_typesupport_targets-extras.cmake\n'}
[3.860610] (status_interfaces) StdoutLine: {'line': b'-- Installing: /home/cx/ros_using/robot_ws/install/status_interfaces/share/status_interfaces/cmake/status_interfacesConfig.cmake\n'}
[3.860642] (status_interfaces) StdoutLine: {'line': b'-- Installing: /home/cx/ros_using/robot_ws/install/status_interfaces/share/status_interfaces/cmake/status_interfacesConfig-version.cmake\n'}
[3.860673] (calculation_interfaces) StdoutLine: {'line': b'-- Installing: /home/cx/ros_using/robot_ws/install/calculation_interfaces/share/calculation_interfaces/cmake/ament_cmake_export_dependencies-extras.cmake\n'}
[3.860720] (calculation_interfaces) StdoutLine: {'line': b'-- Installing: /home/cx/ros_using/robot_ws/install/calculation_interfaces/share/calculation_interfaces/cmake/rosidl_cmake_export_typesupport_libraries-extras.cmake\n'}
[3.860758] (status_interfaces) StdoutLine: {'line': b'-- Installing: /home/cx/ros_using/robot_ws/install/status_interfaces/share/status_interfaces/package.xml\n'}
[3.860840] (calculation_interfaces) StdoutLine: {'line': b'-- Installing: /home/cx/ros_using/robot_ws/install/calculation_interfaces/share/calculation_interfaces/cmake/rosidl_cmake_aggregate_target-extras.cmake\n'}
[3.860878] (calculation_interfaces) StdoutLine: {'line': b'-- Installing: /home/cx/ros_using/robot_ws/install/calculation_interfaces/share/calculation_interfaces/cmake/calculation_interfacesConfig.cmake\n'}
[3.860915] (calculation_interfaces) StdoutLine: {'line': b'-- Installing: /home/cx/ros_using/robot_ws/install/calculation_interfaces/share/calculation_interfaces/cmake/calculation_interfacesConfig-version.cmake\n'}
[3.860962] (calculation_interfaces) StdoutLine: {'line': b'-- Installing: /home/cx/ros_using/robot_ws/install/calculation_interfaces/share/calculation_interfaces/package.xml\n'}
[3.861003] (status_interfaces) CommandEnded: {'returncode': 0}
[3.872734] (status_interfaces) JobEnded: {'identifier': 'status_interfaces', 'rc': 0}
[3.873022] (calculation_interfaces) CommandEnded: {'returncode': 0}
[3.882424] (calculation_interfaces) JobEnded: {'identifier': 'calculation_interfaces', 'rc': 0}
[3.882750] (advanced_task) JobStarted: {'identifier': 'advanced_task'}
[3.885554] (demo_python_topic) JobStarted: {'identifier': 'demo_python_topic'}
[3.907960] (-) TimerEvent: {}
[4.008144] (-) TimerEvent: {}
[4.108373] (-) TimerEvent: {}
[4.208540] (-) TimerEvent: {}
[4.308709] (-) TimerEvent: {}
[4.408881] (-) TimerEvent: {}
[4.431147] (demo_python_topic) Command: {'cmd': ['/usr/bin/python3', '-W', 'ignore:setup.py install is deprecated', '-W', 'ignore:easy_install command is deprecated', 'setup.py', 'egg_info', '--egg-base', '../../build/demo_python_topic', 'build', '--build-base', '/home/cx/ros_using/robot_ws/build/demo_python_topic/build', 'install', '--record', '/home/cx/ros_using/robot_ws/build/demo_python_topic/install.log', '--install-scripts', '$base/lib/demo_python_topic', '--single-version-externally-managed', 'install_data'], 'cwd': '/home/cx/ros_using/robot_ws/src/pub_sub', 'env': {'SHLVL': '0', 'LD_LIBRARY_PATH': '/home/cx/ros_using/robot_ws/install/status_interfaces/lib:/opt/ros/humble/opt/rviz_ogre_vendor/lib:/opt/ros/humble/lib/x86_64-linux-gnu:/opt/ros/humble/lib', 'HOME': '/home/cx', 'OLDPWD': '/home/cx/ros_using', 'ROS_PYTHON_VERSION': '3', 'LC_CTYPE': 'C.UTF-8', 'ROS_DISTRO': 'humble', '_': '/usr/bin/colcon', 'ROS_VERSION': '2', 'ROS_LOCALHOST_ONLY': '0', 'PATH': '/opt/ros/humble/bin:/home/cx/.local/bin:/usr/bin:/bin:/snap/bin', 'AMENT_PREFIX_PATH': '/home/cx/ros_using/robot_ws/install/status_interfaces:/opt/ros/humble', 'PWD': '/home/cx/ros_using/robot_ws/build/demo_python_topic', 'XDG_DATA_DIRS': '/usr/share/gnome:/usr/local/share:/usr/share:/var/lib/snapd/desktop', 'PYTHONPATH': '/home/cx/ros_using/robot_ws/build/demo_python_topic/prefix_override:/usr/lib/python3/dist-packages/colcon_core/task/python/colcon_distutils_commands:/home/cx/ros_using/robot_ws/install/demo_python_topic/lib/python3.10/site-packages:/home/cx/ros_using/robot_ws/install/status_interfaces/local/lib/python3.10/dist-packages:/opt/ros/humble/lib/python3.10/site-packages:/opt/ros/humble/local/lib/python3.10/dist-packages', 'COLCON': '1', 'CMAKE_PREFIX_PATH': '/home/cx/ros_using/robot_ws/install/status_interfaces'}, 'shell': False}
[4.433363] (advanced_task) Command: {'cmd': ['/usr/bin/python3', '-W', 'ignore:setup.py install is deprecated', '-W', 'ignore:easy_install command is deprecated', 'setup.py', 'egg_info', '--egg-base', '../../build/advanced_task', 'build', '--build-base', '/home/cx/ros_using/robot_ws/build/advanced_task/build', 'install', '--record', '/home/cx/ros_using/robot_ws/build/advanced_task/install.log', '--install-scripts', '$base/lib/advanced_task', '--single-version-externally-managed', 'install_data'], 'cwd': '/home/cx/ros_using/robot_ws/src/advanced_task', 'env': {'SHLVL': '0', 'LD_LIBRARY_PATH': '/home/cx/ros_using/robot_ws/install/calculation_interfaces/lib:/opt/ros/humble/opt/rviz_ogre_vendor/lib:/opt/ros/humble/lib/x86_64-linux-gnu:/opt/ros/humble/lib', 'HOME': '/home/cx', 'OLDPWD': '/home/cx/ros_using', 'ROS_PYTHON_VERSION': '3', 'LC_CTYPE': 'C.UTF-8', 'ROS_DISTRO': 'humble', '_': '/usr/bin/colcon', 'ROS_VERSION': '2', 'ROS_LOCALHOST_ONLY': '0', 'PATH': '/opt/ros/humble/bin:/home/cx/.local/bin:/usr/bin:/bin:/snap/bin', 'AMENT_PREFIX_PATH': '/home/cx/ros_using/robot_ws/install/calculation_interfaces:/opt/ros/humble', 'PWD': '/home/cx/ros_using/robot_ws/build/advanced_task', 'XDG_DATA_DIRS': '/usr/share/gnome:/usr/local/share:/usr/share:/var/lib/snapd/desktop', 'PYTHONPATH': '/home/cx/ros_using/robot_ws/build/advanced_task/prefix_override:/usr/lib/python3/dist-packages/colcon_core/task/python/colcon_distutils_commands:/home/cx/ros_using/robot_ws/install/advanced_task/lib/python3.10/site-packages:/home/cx/ros_using/robot_ws/install/calculation_interfaces/local/lib/python3.10/dist-packages:/opt/ros/humble/lib/python3.10/site-packages:/opt/ros/humble/local/lib/python3.10/dist-packages', 'COLCON': '1', 'CMAKE_PREFIX_PATH': '/home/cx/ros_using/robot_ws/install/calculation_interfaces'}, 'shell': False}
[4.508967] (-) TimerEvent: {}
[4.591833] (demo_python_topic) StdoutLine: {'line': b'running egg_info\n'}
[4.592406] (demo_python_topic) StdoutLine: {'line': b'creating ../../build/demo_python_topic/demo_python_topic.egg-info\n'}
[4.592773] (demo_python_topic) StdoutLine: {'line': b'writing ../../build/demo_python_topic/demo_python_topic.egg-info/PKG-INFO\n'}
[4.592872] (demo_python_topic) StdoutLine: {'line': b'writing dependency_links to ../../build/demo_python_topic/demo_python_topic.egg-info/dependency_links.txt\n'}
[4.592984] (demo_python_topic) StdoutLine: {'line': b'writing entry points to ../../build/demo_python_topic/demo_python_topic.egg-info/entry_points.txt\n'}
[4.593066] (demo_python_topic) StdoutLine: {'line': b'writing requirements to ../../build/demo_python_topic/demo_python_topic.egg-info/requires.txt\n'}
[4.593151] (demo_python_topic) StdoutLine: {'line': b'writing top-level names to ../../build/demo_python_topic/demo_python_topic.egg-info/top_level.txt\n'}
[4.593347] (demo_python_topic) StdoutLine: {'line': b"writing manifest file '../../build/demo_python_topic/demo_python_topic.egg-info/SOURCES.txt'\n"}
[4.594215] (demo_python_topic) StdoutLine: {'line': b"reading manifest file '../../build/demo_python_topic/demo_python_topic.egg-info/SOURCES.txt'\n"}
[4.594355] (demo_python_topic) StdoutLine: {'line': b"adding license file 'LICENSE'\n"}
[4.594736] (demo_python_topic) StdoutLine: {'line': b"writing manifest file '../../build/demo_python_topic/demo_python_topic.egg-info/SOURCES.txt'\n"}
[4.594879] (demo_python_topic) StdoutLine: {'line': b'running build\n'}
[4.594975] (demo_python_topic) StdoutLine: {'line': b'running build_py\n'}
[4.595164] (demo_python_topic) StdoutLine: {'line': b'creating /home/cx/ros_using/robot_ws/build/demo_python_topic/build\n'}
[4.595247] (demo_python_topic) StdoutLine: {'line': b'creating /home/cx/ros_using/robot_ws/build/demo_python_topic/build/lib\n'}
[4.595367] (demo_python_topic) StdoutLine: {'line': b'creating /home/cx/ros_using/robot_ws/build/demo_python_topic/build/lib/demo_python_topic\n'}
[4.595445] (demo_python_topic) StdoutLine: {'line': b'copying demo_python_topic/ID_pub_node.py -> /home/cx/ros_using/robot_ws/build/demo_python_topic/build/lib/demo_python_topic\n'}
[4.595524] (demo_python_topic) StdoutLine: {'line': b'copying demo_python_topic/ID_sub_node.py -> /home/cx/ros_using/robot_ws/build/demo_python_topic/build/lib/demo_python_topic\n'}
[4.595612] (demo_python_topic) StdoutLine: {'line': b'copying demo_python_topic/__init__.py -> /home/cx/ros_using/robot_ws/build/demo_python_topic/build/lib/demo_python_topic\n'}
[4.595743] (demo_python_topic) StdoutLine: {'line': b'running install\n'}
[4.595823] (demo_python_topic) StdoutLine: {'line': b'running install_lib\n'}
[4.596014] (advanced_task) StdoutLine: {'line': b'running egg_info\n'}
[4.596216] (demo_python_topic) StdoutLine: {'line': b'creating /home/cx/ros_using/robot_ws/install/demo_python_topic/lib/python3.10/site-packages/demo_python_topic\n'}
[4.596416] (demo_python_topic) StdoutLine: {'line': b'copying /home/cx/ros_using/robot_ws/build/demo_python_topic/build/lib/demo_python_topic/ID_pub_node.py -> /home/cx/ros_using/robot_ws/install/demo_python_topic/lib/python3.10/site-packages/demo_python_topic\n'}
[4.596525] (demo_python_topic) StdoutLine: {'line': b'copying /home/cx/ros_using/robot_ws/build/demo_python_topic/build/lib/demo_python_topic/ID_sub_node.py -> /home/cx/ros_using/robot_ws/install/demo_python_topic/lib/python3.10/site-packages/demo_python_topic\n'}
[4.596670] (demo_python_topic) StdoutLine: {'line': b'copying /home/cx/ros_using/robot_ws/build/demo_python_topic/build/lib/demo_python_topic/__init__.py -> /home/cx/ros_using/robot_ws/install/demo_python_topic/lib/python3.10/site-packages/demo_python_topic\n'}
[4.596824] (advanced_task) StdoutLine: {'line': b'creating ../../build/advanced_task/advanced_task.egg-info\n'}
[4.596995] (advanced_task) StdoutLine: {'line': b'writing ../../build/advanced_task/advanced_task.egg-info/PKG-INFO\n'}
[4.597103] (demo_python_topic) StdoutLine: {'line': b'byte-compiling /home/cx/ros_using/robot_ws/install/demo_python_topic/lib/python3.10/site-packages/demo_python_topic/ID_pub_node.py to ID_pub_node.cpython-310.pyc\n'}
[4.597255] (advanced_task) StdoutLine: {'line': b'writing dependency_links to ../../build/advanced_task/advanced_task.egg-info/dependency_links.txt\n'}
[4.597388] (advanced_task) StdoutLine: {'line': b'writing entry points to ../../build/advanced_task/advanced_task.egg-info/entry_points.txt\n'}
[4.597526] (advanced_task) StdoutLine: {'line': b'writing requirements to ../../build/advanced_task/advanced_task.egg-info/requires.txt\n'}
[4.597611] (advanced_task) StdoutLine: {'line': b'writing top-level names to ../../build/advanced_task/advanced_task.egg-info/top_level.txt\n'}
[4.597810] (demo_python_topic) StdoutLine: {'line': b'byte-compiling /home/cx/ros_using/robot_ws/install/demo_python_topic/lib/python3.10/site-packages/demo_python_topic/ID_sub_node.py to ID_sub_node.cpython-310.pyc\n'}
[4.598041] (advanced_task) StdoutLine: {'line': b"writing manifest file '../../build/advanced_task/advanced_task.egg-info/SOURCES.txt'\n"}
[4.598151] (demo_python_topic) StdoutLine: {'line': b'byte-compiling /home/cx/ros_using/robot_ws/install/demo_python_topic/lib/python3.10/site-packages/demo_python_topic/__init__.py to __init__.cpython-310.pyc\n'}
[4.598232] (demo_python_topic) StdoutLine: {'line': b'running install_data\n'}
[4.598321] (demo_python_topic) StdoutLine: {'line': b'creating /home/cx/ros_using/robot_ws/install/demo_python_topic/share/ament_index\n'}
[4.598402] (demo_python_topic) StdoutLine: {'line': b'creating /home/cx/ros_using/robot_ws/install/demo_python_topic/share/ament_index/resource_index\n'}
[4.598479] (demo_python_topic) StdoutLine: {'line': b'creating /home/cx/ros_using/robot_ws/install/demo_python_topic/share/ament_index/resource_index/packages\n'}
[4.598556] (demo_python_topic) StdoutLine: {'line': b'copying resource/demo_python_topic -> /home/cx/ros_using/robot_ws/install/demo_python_topic/share/ament_index/resource_index/packages\n'}
[4.598634] (demo_python_topic) StdoutLine: {'line': b'copying package.xml -> /home/cx/ros_using/robot_ws/install/demo_python_topic/share/demo_python_topic\n'}
[4.598772] (demo_python_topic) StdoutLine: {'line': b'running install_egg_info\n'}
[4.598853] (advanced_task) StdoutLine: {'line': b"reading manifest file '../../build/advanced_task/advanced_task.egg-info/SOURCES.txt'\n"}
[4.599307] (advanced_task) StdoutLine: {'line': b"writing manifest file '../../build/advanced_task/advanced_task.egg-info/SOURCES.txt'\n"}
[4.599399] (advanced_task) StdoutLine: {'line': b'running build\n'}
[4.599493] (advanced_task) StdoutLine: {'line': b'running build_py\n'}
[4.599738] (advanced_task) StdoutLine: {'line': b'creating /home/cx/ros_using/robot_ws/build/advanced_task/build\n'}
[4.599956] (advanced_task) StdoutLine: {'line': b'creating /home/cx/ros_using/robot_ws/build/advanced_task/build/lib\n'}
[4.600053] (advanced_task) StdoutLine: {'line': b'creating /home/cx/ros_using/robot_ws/build/advanced_task/build/lib/advanced_task\n'}
[4.600165] (advanced_task) StdoutLine: {'line': b'copying advanced_task/result_sub_node.py -> /home/cx/ros_using/robot_ws/build/advanced_task/build/lib/advanced_task\n'}
[4.600266] (advanced_task) StdoutLine: {'line': b'copying advanced_task/math_generator.py -> /home/cx/ros_using/robot_ws/build/advanced_task/build/lib/advanced_task\n'}
[4.600557] (advanced_task) StdoutLine: {'line': b'copying advanced_task/recognition_node.py -> /home/cx/ros_using/robot_ws/build/advanced_task/build/lib/advanced_task\n'}
[4.600656] (advanced_task) StdoutLine: {'line': b'copying advanced_task/__init__.py -> /home/cx/ros_using/robot_ws/build/advanced_task/build/lib/advanced_task\n'}
[4.600767] (advanced_task) StdoutLine: {'line': b'copying advanced_task/display_node.py -> /home/cx/ros_using/robot_ws/build/advanced_task/build/lib/advanced_task\n'}
[4.600870] (advanced_task) StdoutLine: {'line': b'running install\n'}
[4.600972] (advanced_task) StdoutLine: {'line': b'running install_lib\n'}
[4.601074] (demo_python_topic) StdoutLine: {'line': b'Copying ../../build/demo_python_topic/demo_python_topic.egg-info to /home/cx/ros_using/robot_ws/install/demo_python_topic/lib/python3.10/site-packages/demo_python_topic-0.0.0-py3.10.egg-info\n'}
[4.601301] (demo_python_topic) StdoutLine: {'line': b'running install_scripts\n'}
[4.601514] (advanced_task) StdoutLine: {'line': b'creating /home/cx/ros_using/robot_ws/install/advanced_task/lib/python3.10/site-packages/advanced_task\n'}
[4.601789] (advanced_task) StdoutLine: {'line': b'copying /home/cx/ros_using/robot_ws/build/advanced_task/build/lib/advanced_task/result_sub_node.py -> /home/cx/ros_using/robot_ws/install/advanced_task/lib/python3.10/site-packages/advanced_task\n'}
[4.601903] (advanced_task) StdoutLine: {'line': b'copying /home/cx/ros_using/robot_ws/build/advanced_task/build/lib/advanced_task/math_generator.py -> /home/cx/ros_using/robot_ws/install/advanced_task/lib/python3.10/site-packages/advanced_task\n'}
[4.602005] (advanced_task) StdoutLine: {'line': b'copying /home/cx/ros_using/robot_ws/build/advanced_task/build/lib/advanced_task/recognition_node.py -> /home/cx/ros_using/robot_ws/install/advanced_task/lib/python3.10/site-packages/advanced_task\n'}
[4.602105] (advanced_task) StdoutLine: {'line': b'copying /home/cx/ros_using/robot_ws/build/advanced_task/build/lib/advanced_task/__init__.py -> /home/cx/ros_using/robot_ws/install/advanced_task/lib/python3.10/site-packages/advanced_task\n'}
[4.602198] (advanced_task) StdoutLine: {'line': b'copying /home/cx/ros_using/robot_ws/build/advanced_task/build/lib/advanced_task/display_node.py -> /home/cx/ros_using/robot_ws/install/advanced_task/lib/python3.10/site-packages/advanced_task\n'}
[4.602373] (advanced_task) StdoutLine: {'line': b'byte-compiling /home/cx/ros_using/robot_ws/install/advanced_task/lib/python3.10/site-packages/advanced_task/result_sub_node.py to result_sub_node.cpython-310.pyc\n'}
[4.602961] (advanced_task) StdoutLine: {'line': b'byte-compiling /home/cx/ros_using/robot_ws/install/advanced_task/lib/python3.10/site-packages/advanced_task/math_generator.py to math_generator.cpython-310.pyc\n'}
[4.603595] (advanced_task) StdoutLine: {'line': b'byte-compiling /home/cx/ros_using/robot_ws/install/advanced_task/lib/python3.10/site-packages/advanced_task/recognition_node.py to recognition_node.cpython-310.pyc\n'}
[4.606082] (advanced_task) StdoutLine: {'line': b'byte-compiling /home/cx/ros_using/robot_ws/install/advanced_task/lib/python3.10/site-packages/advanced_task/__init__.py to __init__.cpython-310.pyc\n'}
[4.606249] (advanced_task) StdoutLine: {'line': b'byte-compiling /home/cx/ros_using/robot_ws/install/advanced_task/lib/python3.10/site-packages/advanced_task/display_node.py to display_node.cpython-310.pyc\n'}
[4.606900] (advanced_task) StdoutLine: {'line': b'running install_data\n'}
[4.607061] (advanced_task) StdoutLine: {'line': b'creating /home/cx/ros_using/robot_ws/install/advanced_task/share/ament_index\n'}
[4.607387] (advanced_task) StdoutLine: {'line': b'creating /home/cx/ros_using/robot_ws/install/advanced_task/share/ament_index/resource_index\n'}
[4.607557] (advanced_task) StdoutLine: {'line': b'creating /home/cx/ros_using/robot_ws/install/advanced_task/share/ament_index/resource_index/packages\n'}
[4.607659] (advanced_task) StdoutLine: {'line': b'copying resource/advanced_task -> /home/cx/ros_using/robot_ws/install/advanced_task/share/ament_index/resource_index/packages\n'}
[4.607778] (advanced_task) StdoutLine: {'line': b'copying package.xml -> /home/cx/ros_using/robot_ws/install/advanced_task/share/advanced_task\n'}
[4.607867] (advanced_task) StdoutLine: {'line': b'creating /home/cx/ros_using/robot_ws/install/advanced_task/share/advanced_task/launch\n'}
[4.607949] (advanced_task) StdoutLine: {'line': b'copying launch/advanced.launch.py -> /home/cx/ros_using/robot_ws/install/advanced_task/share/advanced_task/launch\n'}
[4.608058] (advanced_task) StdoutLine: {'line': b'running install_egg_info\n'}
[4.609040] (-) TimerEvent: {}
[4.609976] (advanced_task) StdoutLine: {'line': b'Copying ../../build/advanced_task/advanced_task.egg-info to /home/cx/ros_using/robot_ws/install/advanced_task/lib/python3.10/site-packages/advanced_task-0.0.0-py3.10.egg-info\n'}
[4.610461] (advanced_task) StdoutLine: {'line': b'running install_scripts\n'}
[4.621635] (demo_python_topic) StdoutLine: {'line': b'Installing ID_pub_node script to /home/cx/ros_using/robot_ws/install/demo_python_topic/lib/demo_python_topic\n'}
[4.621857] (demo_python_topic) StdoutLine: {'line': b'Installing ID_sub_node script to /home/cx/ros_using/robot_ws/install/demo_python_topic/lib/demo_python_topic\n'}
[4.622026] (demo_python_topic) StdoutLine: {'line': b"writing list of installed files to '/home/cx/ros_using/robot_ws/build/demo_python_topic/install.log'\n"}
[4.630290] (advanced_task) StdoutLine: {'line': b'Installing display_node script to /home/cx/ros_using/robot_ws/install/advanced_task/lib/advanced_task\n'}
[4.630640] (advanced_task) StdoutLine: {'line': b'Installing recognition_node script to /home/cx/ros_using/robot_ws/install/advanced_task/lib/advanced_task\n'}
[4.630786] (advanced_task) StdoutLine: {'line': b'Installing result_sub_node script to /home/cx/ros_using/robot_ws/install/advanced_task/lib/advanced_task\n'}
[4.630953] (advanced_task) StdoutLine: {'line': b"writing list of installed files to '/home/cx/ros_using/robot_ws/build/advanced_task/install.log'\n"}
[4.645664] (demo_python_topic) CommandEnded: {'returncode': 0}
[4.653989] (demo_python_topic) JobEnded: {'identifier': 'demo_python_topic', 'rc': 0}
[4.658346] (advanced_task) CommandEnded: {'returncode': 0}
[4.664301] (advanced_task) JobEnded: {'identifier': 'advanced_task', 'rc': 0}
[4.664843] (-) EventReactorShutdown: {}
